entry_date,near_expiry,far_expiry,strike,lot_near,lot_far,entry_near_pe,exit_near_pe,entry_near_ce,exit_near_ce,entry_far_ce,exit_far_ce,entry_far_pe,exit_far_pe,pnl_inr,comparison_status_x,near_pe_pnl,near_ce_pnl,far_ce_pnl,far_pe_pnl,entry_net_inr,entry_gross_inr,entry_debit_ratio,call_ratio,put_ratio,calendar_balance_ratio,call_calendar_points,put_calendar_points,calendar_asymmetry,loss_reason,far_legs_direction,primary_spot_open,primary_strike,secondary_strike,comparison_status_y,entry_abs_moneyness,year,candidate_gate,conservative_net20_2pt
2022-01-07,2022-01-13,2022-02-03,17800.0,50,50,151.0,0.15,144.25,454.0,417.3,577.0,329.95,128.6,-4977.5,RECOVERED_BY_SECONDARY_EXACT,-7542.5,-15487.5,7984.999999999999,10067.5,4705.0,52125.0,0.09026378896882493,2.8928942807625653,2.185099337748344,1.3239188858770947,273.05,178.95,0.20818584070750407,BOTH_NEAR_ADVERSE,FAR_NET_FAVORABLE,17802.7,17800.0,17800.0,RECOVERED_BY_SECONDARY_EXACT,0.00015166238828945763,2022,False,-6065.97734525
2022-01-28,2022-02-03,2022-02-24,17200.0,50,50,251.05,0.1,260.0,381.45,424.75,513.6,383.4,169.3,-3472.500000000002,PRIMARY_VALID_SECONDARY_COMPLETE,-12547.5,-6072.499999999999,4442.500000000001,10704.999999999998,1620.0,65960.0,0.024560339599757428,1.6336538461538461,1.527185819557857,1.069715174952851,164.75,132.34999999999997,0.10905419050787946,BOTH_NEAR_ADVERSE,FAR_NET_FAVORABLE,17237.4,17250.0,17200.0,PRIMARY_VALID_SECONDARY_COMPLETE,0.0007309687075776244,2022,True,-4569.757510350002
2022-02-25,2022-03-03,2022-03-24,16500.0,50,50,200.7,14.65,345.75,8.7,504.4,431.5,421.15,424.05,3759.999999999999,RECOVERED_BY_SECONDARY_EXACT,-9302.5,16852.5,-3644.999999999999,-145.0000000000017,-3090.0,73600.0,-0.041983695652173914,1.4588575560375994,2.0984055804683606,0.6952219197358334,158.64999999999998,220.45,0.16301767343665788,NON_LOSS,FAR_NET_ADVERSE,16525.7,16500.0,16500.0,RECOVERED_BY_SECONDARY_EXACT,0.0015551534882032667,2022,True,2662.095159399999
2022-03-04,2022-03-10,2022-03-31,16350.0,50,50,225.1,0.35,229.3,244.3,465.35,550.85,500.0,282.55,3160.0,PRIMARY_VALID_SECONDARY_COMPLETE,-11237.5,-750.0,4275.0,10872.5,-1942.5,70987.5,-0.027363972530375067,2.029437418229394,2.221235006663705,0.9136527256868731,236.05,274.9,0.07603483706805741,NON_LOSS,FAR_NET_FAVORABLE,16362.1,16350.0,16350.0,PRIMARY_VALID_SECONDARY_COMPLETE,0.0007395138765806567,2022,True,2055.5259548
2022-03-21,2022-03-24,2022-04-13,17300.0,50,50,197.0,71.35,240.0,0.7,460.0,380.1,364.0,415.9,-907.4999999999982,RECOVERED_BY_SECONDARY_EXACT,-6282.5,11965.0,-3994.999999999999,-2594.999999999999,2650.0,63050.0,0.04203013481363997,1.9166666666666667,1.8477157360406091,1.03731684981685,220.0,167.0,0.13695090439241098,NEAR_PUT_ADVERSE,FAR_NET_ADVERSE,17330.6,17300.0,17300.0,RECOVERED_BY_SECONDARY_EXACT,0.0017656630468649989,2022,True,-1993.8258014499982
2022-04-01,2022-04-07,2022-04-28,17450.0,50,50,170.6,0.1,188.85,193.4,376.05,473.6,351.0,194.65,3942.500000000001,PRIMARY_VALID_SECONDARY_COMPLETE,-8525.0,-227.50000000000057,4877.500000000001,7817.5,340.0,54325.0,0.00625862862402209,1.9912629070691026,2.0574443141852288,0.9678331964273187,187.20000000000002,180.4,0.018498367791026968,NON_LOSS,FAR_NET_FAVORABLE,17437.8,17450.0,17450.0,PRIMARY_VALID_SECONDARY_COMPLETE,0.000699629540423719,2022,True,2863.036190750001
2022-04-18,2022-04-21,2022-05-12,17200.0,50,50,101.25,0.15,150.0,191.0,425.0,415.2,289.0,183.65,-2327.500000000001,RECOVERED_BY_SECONDARY_EXACT,-5055.0,-2050.0,-490.00000000000057,5267.5,4362.5,48262.5,0.09039109039109039,2.8333333333333335,2.854320987654321,0.9926470588235294,275.0,187.75,0.18854673149608095,BOTH_NEAR_ADVERSE,FAR_NET_FAVORABLE,17187.7,17200.0,17200.0,RECOVERED_BY_SECONDARY_EXACT,0.0007156280363282622,2022,True,-3396.233222250001
2022-04-29,2022-05-05,2022-05-26,17350.0,50,50,172.15,665.3,130.0,0.1,331.35,70.3,359.45,725.6,-207.5,PRIMARY_VALID_SECONDARY_COMPLETE,24657.5,6495.0,-13052.5,-18307.5,702.5,49647.5,0.014149755778236567,2.548846153846154,2.088004647110078,1.2207090426613312,201.35000000000002,187.29999999999998,0.03615077833517018,BOTH_NEAR_FAVORABLE_BUT_FAR_OFFSETTING,FAR_NET_ADVERSE,17331.7,17350.0,17350.0,PRIMARY_VALID_SECONDARY_COMPLETE,0.0010558687260914551,2022,False,-1308.97178825
2022-06-03,2022-06-09,2022-06-30,16750.0,50,50,162.3,280.15,160.0,0.1,340.6,152.1,311.95,421.75,-1027.5000000000043,PRIMARY_VALID_SECONDARY_COMPLETE,5892.499999999998,7995.0,-9425.000000000002,-5490.000000000001,1547.5,48742.5,0.03174847412422424,2.12875,1.922057917436845,1.1075368648821928,180.60000000000002,149.64999999999998,0.09371688115035982,BOTH_NEAR_FAVORABLE_BUT_FAR_OFFSETTING,FAR_NET_ADVERSE,16763.8,16750.0,16750.0,PRIMARY_VALID_SECONDARY_COMPLETE,0.0008232023765494263,2022,True,-2100.0053080500043
2022-07-01,2022-07-07,2022-07-28,15700.0,50,50,169.9,0.1,148.0,432.05,370.05,575.4,389.35,130.35,524.9999999999982,PRIMARY_VALID_SECONDARY_COMPLETE,-8490.0,-14202.5,10267.499999999998,12950.0,130.0,53865.0,0.002413441009932238,2.500337837837838,2.2916421424367277,1.0910681871032455,222.05,219.45000000000002,0.005889014722523455,NON_LOSS,FAR_NET_FAVORABLE,15708.3,15700.0,15700.0,PRIMARY_VALID_SECONDARY_COMPLETE,0.0005283830841019889,2022,True,-565.7091843000019
2022-08-05,2022-08-11,2022-09-01,17400.0,50,50,170.0,0.15,180.0,265.9,352.7,458.5,277.0,161.35,-1714.999999999999,RECOVERED_BY_SECONDARY_EXACT,-8492.5,-4294.999999999999,5290.000000000001,5782.5,3285.0,48985.0,0.06706134530978872,1.9594444444444443,1.6294117647058823,1.2025471319695147,172.7,107.0,0.23489452985257453,BOTH_NEAR_ADVERSE,FAR_NET_FAVORABLE,17416.9,17400.0,17400.0,RECOVERED_BY_SECONDARY_EXACT,0.0009703219287015172,2022,False,-2788.984257899999
2022-09-02,2022-09-08,2022-09-29,17600.0,50,50,165.95,0.25,176.1,198.1,342.15,413.0,330.85,191.9,1105.0000000000018,PRIMARY_VALID_SECONDARY_COMPLETE,-8285.0,-1100.0,3542.500000000001,6947.500000000001,57.5,50752.5,0.0011329491158071031,1.942930153321976,1.993672793009943,0.9745481606280245,166.04999999999998,164.90000000000003,0.003474845142760157,NON_LOSS,FAR_NET_FAVORABLE,17605.1,17600.0,17600.0,PRIMARY_VALID_SECONDARY_COMPLETE,0.00028968878336382896,2022,True,32.34947030000194
2022-09-30,2022-10-06,2022-10-27,16800.0,50,50,193.0,0.1,185.75,538.45,360.05,647.5,376.05,126.7,-440.0000000000018,PRIMARY_VALID_SECONDARY_COMPLETE,-9645.0,-17635.000000000004,14372.5,12467.500000000002,-437.5,55742.5,-0.0078485894963448,1.9383580080753702,1.9484455958549223,0.9948227511196555,174.3,183.05,0.024485798236954005,BOTH_NEAR_ADVERSE,FAR_NET_FAVORABLE,16808.7,16800.0,16800.0,PRIMARY_VALID_SECONDARY_COMPLETE,0.0005175891056417645,2022,True,-1540.1784784000017
2022-10-21,2022-10-27,2022-11-17,17600.0,50,50,138.45,0.25,120.0,114.95,328.3,367.8,332.0,199.15,1960.000000000001,RECOVERED_BY_SECONDARY_EXACT,-6909.999999999999,252.49999999999986,1975.0,6642.5,737.5,45937.5,0.016054421768707482,2.7358333333333333,2.397977609245215,1.1408919427710842,208.3,193.55,0.03670523827289609,NON_LOSS,FAR_NET_FAVORABLE,17624.8,17600.0,17600.0,RECOVERED_BY_SECONDARY_EXACT,0.0014071081657663787,2022,True,897.0811594000008
2022-10-28,2022-11-03,2022-11-24,17750.0,50,50,138.05,0.1,142.0,308.95,315.0,494.9,288.8,127.35,1822.499999999999,PRIMARY_VALID_SECONDARY_COMPLETE,-6897.500000000001,-8347.5,8994.999999999998,8072.500000000001,1112.5,44192.5,0.025173954856593312,2.2183098591549295,2.0919956537486417,1.0603797647380127,173.0,150.75,0.06872586872565645,NON_LOSS,FAR_NET_FAVORABLE,17760.4,17750.0,17750.0,PRIMARY_VALID_SECONDARY_COMPLETE,0.0005855723970181671,2022,True,749.7807061499991
2023-01-02,2023-01-05,2023-01-25,18150.0,50,50,104.05,160.75,103.0,0.25,298.65,181.5,244.3,267.0,980.0000000000014,PRIMARY_VALID_SECONDARY_COMPLETE,2835.0,5137.5,-5857.499999999999,-1134.9999999999995,2770.0,37500.0,0.07386666666666666,2.899514563106796,2.3479096588178763,1.2349344670129434,195.64999999999998,140.25,0.16493003870150358,NON_LOSS,FAR_NET_ADVERSE,18133.65,18150.0,18150.0,PRIMARY_VALID_SECONDARY_COMPLETE,0.0009016386662364468,2023,False,-71.5388229999985
2023-01-06,2023-01-12,2023-02-02,18000.0,50,50,110.05,143.1,140.0,0.2,340.1,239.5,245.05,288.45,1442.5,RECOVERED_BY_SECONDARY_EXACT,1652.4999999999998,6990.000000000001,-5030.000000000001,-2169.999999999999,3255.0,41760.0,0.07794540229885058,2.4292857142857143,2.226715129486597,1.0909728335325153,200.10000000000002,135.0,0.1942703670540309,NON_LOSS,FAR_NET_ADVERSE,18013.4,18000.0,18000.0,RECOVERED_BY_SECONDARY_EXACT,0.0007438906591760275,2023,True,384.07358195000006
2023-01-20,2023-01-25,2023-02-16,18100.0,50,50,102.0,211.1,113.0,0.2,333.8,193.95,233.0,316.45,-70.0,PRIMARY_VALID_SECONDARY_COMPLETE,5455.0,5640.0,-6992.500000000001,-4172.499999999999,4490.0,39090.0,0.11486313635200819,2.953982300884956,2.284313725490196,1.2931596338638005,220.8,131.0,0.2552586696979669,BOTH_NEAR_FAVORABLE_BUT_FAR_OFFSETTING,FAR_NET_ADVERSE,18116.2,18100.0,18100.0,PRIMARY_VALID_SECONDARY_COMPLETE,0.0008942272662037694,2023,False,-1127.840944
2023-01-27,2023-02-02,2023-02-23,17900.0,50,50,148.0,292.15,164.5,0.15,335.0,150.45,250.55,368.55,297.5,PRIMARY_VALID_SECONDARY_COMPLETE,7207.499999999999,8217.5,-9227.5,-5900.0,3397.5,44902.5,0.07566393853348923,2.0364741641337387,1.6929054054054056,1.202946223475527,170.5,102.55000000000001,0.24885552096594446,NON_LOSS,FAR_NET_ADVERSE,17884.75,17900.0,17900.0,PRIMARY_VALID_SECONDARY_COMPLETE,0.0008526817540083032,2023,False,-769.9057891499999
2023-03-03,2023-03-09,2023-03-29,17450.0,50,50,89.05,0.15,84.9,148.55,218.95,309.5,193.35,117.45,695.0000000000005,PRIMARY_VALID_SECONDARY_COMPLETE,-4445.0,-3182.5000000000005,4527.500000000001,3794.9999999999995,1487.5,29312.5,0.050746268656716415,2.578916372202591,2.171252105558675,1.1877553811463186,134.04999999999998,104.3,0.12481644640182578,NON_LOSS,FAR_NET_FAVORABLE,17434.3,17450.0,17450.0,PRIMARY_VALID_SECONDARY_COMPLETE,0.0009005236803313427,2023,True,-347.3774770999994
2023-03-10,2023-03-16,2023-04-06,17450.0,50,50,85.0,470.95,105.0,0.1,222.0,97.3,245.0,382.8,11417.5,PRIMARY_VALID_SECONDARY_COMPLETE,19297.5,5245.0,-6235.0,-6890.000000000001,-2150.0,32850.0,-0.0654490106544901,2.1142857142857143,2.8823529411764706,0.7335276967930029,117.0,160.0,0.1552346570391508,NON_LOSS,FAR_NET_ADVERSE,17451.5,17500.0,17450.0,PRIMARY_VALID_SECONDARY_COMPLETE,0.0027791307337478154,2023,True,10351.43453165
2023-03-17,2023-03-23,2023-04-13,17100.0,50,50,125.05,20.1,172.0,4.2,329.9,237.7,204.9,202.7,-1357.4999999999973,PRIMARY_VALID_SECONDARY_COMPLETE,-5247.499999999999,8390.0,-4609.999999999999,110.00000000000085,3902.5,41592.5,0.09382701208150508,1.9180232558139534,1.6385445821671332,1.1705651934579544,157.89999999999998,79.85000000000001,0.32828601471996505,NEAR_PUT_ADVERSE,FAR_NET_ADVERSE,17119.5,17000.0,17100.0,PRIMARY_VALID_SECONDARY_COMPLETE,0.0069803440521043255,2023,True,-2405.4518714499973
2023-03-31,2023-04-06,2023-04-27,17200.0,50,50,90.0,0.1,95.0,399.45,260.1,489.65,197.0,52.0,-990.0000000000018,PRIMARY_VALID_SECONDARY_COMPLETE,-4495.0,-15222.5,11477.499999999998,7250.0,2905.0,32105.0,0.09048434823236257,2.7378947368421054,2.188888888888889,1.2508148543948703,165.10000000000002,107.0,0.21352443954350053,BOTH_NEAR_ADVERSE,FAR_NET_FAVORABLE,17214.9,17200.0,17200.0,PRIMARY_VALID_SECONDARY_COMPLETE,0.0008655292798681058,2023,False,-2051.2327772000017
2023-04-28,2023-05-04,2023-05-25,17950.0,50,50,93.0,0.1,99.0,303.65,246.0,410.2,165.0,63.3,-1582.4999999999982,PRIMARY_VALID_SECONDARY_COMPLETE,-4645.0,-10232.499999999998,8210.0,5085.0,3750.0,30150.0,0.12437810945273632,2.484848484848485,1.7741935483870968,1.400550964187328,147.0,72.0,0.34246575342309377,BOTH_NEAR_ADVERSE,FAR_NET_FAVORABLE,17955.75,17950.0,17950.0,PRIMARY_VALID_SECONDARY_COMPLETE,0.0003202316806593988,2023,False,-2634.2296097499984
2023-05-05,2023-05-11,2023-06-01,18100.0,50,50,48.0,0.15,135.0,193.95,310.95,356.3,170.65,97.5,585.0000000000014,PRIMARY_VALID_SECONDARY_COMPLETE,-2392.5,-2947.4999999999995,2267.500000000001,3657.5000000000005,2665.0,33230.0,0.08019861570869696,2.3033333333333332,3.5552083333333333,0.6478757691180779,175.95,122.65,0.17849966510321996,NON_LOSS,FAR_NET_FAVORABLE,18117.3,18100.0,18100.0,PRIMARY_VALID_SECONDARY_COMPLETE,0.0009548884215638795,2023,True,-464.2624124999986
2023-05-26,2023-06-01,2023-06-22,18350.0,50,50,80.0,0.15,115.0,146.55,280.95,306.45,184.6,100.65,-97.50000000000092,PRIMARY_VALID_SECONDARY_COMPLETE,-3992.4999999999995,-1577.5000000000005,1275.0,4197.499999999999,3067.5,33027.5,0.09287714783135266,2.4430434782608694,2.3075,1.0587404022799,165.95,104.6,0.22676030308546755,BOTH_NEAR_ADVERSE,FAR_NET_FAVORABLE,18368.3,18400.0,18350.0,PRIMARY_VALID_SECONDARY_COMPLETE,0.0017257993390787786,2023,True,-1142.050946650001
2023-06-09,2023-06-15,2023-07-06,18650.0,50,50,71.6,0.95,111.0,37.3,256.7,242.35,155.9,125.0,980.0000000000008,RECOVERED_BY_SECONDARY_EXACT,-3532.4999999999995,3685.0,-717.4999999999998,1545.0000000000002,3070.0,29760.0,0.10315860215053764,2.3126126126126123,2.177374301675978,1.0621107316424825,145.7,84.30000000000001,0.2669565217379697,NON_LOSS,FAR_NET_FAVORABLE,18655.9,18650.0,18650.0,RECOVERED_BY_SECONDARY_EXACT,0.00031625383926808435,2023,True,-55.06229719999931
2023-06-16,2023-06-22,2023-07-13,18700.0,50,50,70.0,0.3,110.0,74.4,282.0,293.8,142.95,116.65,199.9999999999996,RECOVERED_BY_SECONDARY_EXACT,-3485.0,1779.9999999999998,590.0000000000006,1314.999999999999,4952.500000000001,30247.5,0.1637325398793289,2.5636363636363635,2.042142857142857,1.2553658303920634,172.0,72.94999999999999,0.40436823841435254,NON_LOSS,FAR_NET_FAVORABLE,18723.3,18700.0,18700.0,RECOVERED_BY_SECONDARY_EXACT,0.0012444387474429867,2023,False,-838.9321534000005
2023-06-30,2023-07-06,2023-07-27,19100.0,50,50,111.1,0.15,61.6,398.2,220.0,501.7,190.0,70.45,-2315.0,PRIMARY_VALID_SECONDARY_COMPLETE,-5547.499999999999,-16830.0,14085.0,5977.5,3975.0,29135.0,0.13643384245752532,3.571428571428571,1.7101710171017102,2.088345864661654,158.4,78.9,0.3350189633361356,BOTH_NEAR_ADVERSE,FAR_NET_FAVORABLE,19076.8,19100.0,19100.0,PRIMARY_VALID_SECONDARY_COMPLETE,0.0012161368783024787,2023,False,-3374.4559762999997
2023-07-07,2023-07-13,2023-08-03,19400.0,50,50,81.0,6.35,111.4,9.0,312.45,237.25,180.05,136.45,-192.4999999999991,PRIMARY_VALID_SECONDARY_COMPLETE,-3732.5000000000005,5120.0,-3759.9999999999995,2180.000000000001,5100.0,34245.0,0.14892685063512923,2.8047576301615798,2.2228395061728397,1.2617904362293137,201.04999999999998,99.05000000000001,0.3398867044307234,NEAR_PUT_ADVERSE,FAR_NET_ADVERSE,19422.8,19400.0,19400.0,PRIMARY_VALID_SECONDARY_COMPLETE,0.0011738781226187404,2023,False,-1230.573550549999
2023-07-14,2023-07-20,2023-08-10,19500.0,50,50,90.15,0.15,84.25,481.65,258.25,565.05,174.7,59.15,-3252.5000000000027,PRIMARY_VALID_SECONDARY_COMPLETE,-4500.0,-19870.0,15339.999999999998,5777.499999999999,4472.5,30367.5,0.14727916357948465,3.065281899109792,1.9378813089295617,1.581769680622483,174.0,84.54999999999998,0.34596789789075255,BOTH_NEAR_ADVERSE,FAR_NET_FAVORABLE,19493.45,19500.0,19500.0,PRIMARY_VALID_SECONDARY_COMPLETE,0.00033601030089590463,2023,False,-4319.033400150003
2023-07-21,2023-07-27,2023-08-17,19800.0,50,50,70.0,156.9,130.05,0.3,326.05,181.55,174.3,209.7,1837.500000000001,PRIMARY_VALID_SECONDARY_COMPLETE,4345.0,6487.5,-7225.0,-1769.9999999999989,4585.0,35020.0,0.13092518560822386,2.507112648981161,2.49,1.0068725497916309,196.0,104.30000000000001,0.3053613053602885,NON_LOSS,FAR_NET_ADVERSE,19800.45,19800.0,19800.0,PRIMARY_VALID_SECONDARY_COMPLETE,2.272675621012288e-05,2023,True,790.7886678500008
2023-07-28,2023-08-03,2023-08-24,19650.0,50,50,88.0,277.4,170.05,0.15,299.0,98.4,190.95,320.0,1482.499999999999,PRIMARY_VALID_SECONDARY_COMPLETE,9469.999999999998,8495.0,-10030.0,-6452.500000000001,1300.0,37400.0,0.034759358288770054,1.7583063804763304,2.1698863636363637,0.8103218721231583,128.95,102.94999999999999,0.11211729193569593,NON_LOSS,FAR_NET_ADVERSE,19659.75,19650.0,19650.0,PRIMARY_VALID_SECONDARY_COMPLETE,0.0004959371304314653,2023,True,426.932556949999
2023-08-04,2023-08-10,2023-08-31,19450.0,50,50,80.0,0.25,101.2,87.3,219.75,260.7,182.7,114.85,2147.499999999999,PRIMARY_VALID_SECONDARY_COMPLETE,-3987.5,695.0000000000002,2047.4999999999995,3392.4999999999995,792.5,29182.5,0.027156686370256148,2.1714426877470356,2.28375,0.9508232896538744,118.55,102.69999999999999,0.0716384180787723,NON_LOSS,FAR_NET_FAVORABLE,19462.8,19450.0,19450.0,PRIMARY_VALID_SECONDARY_COMPLETE,0.0006576648786402405,2023,True,1109.979704249999
2023-08-11,2023-08-17,2023-09-07,19550.0,50,50,95.05,177.0,111.0,0.1,230.25,121.25,209.55,242.2,2560.000000000001,RECOVERED_BY_SECONDARY_EXACT,4097.5,5545.0,-5450.0,-1632.4999999999989,237.5,32292.5,0.007354648912286135,2.074324324324324,2.2046291425565494,0.9408949034933285,119.25,114.50000000000001,0.02032085561488627,NON_LOSS,FAR_NET_ADVERSE,19554.25,19550.0,19550.0,RECOVERED_BY_SECONDARY_EXACT,0.00021734405564007825,2023,True,1515.942302400001
2023-08-18,2023-08-24,2023-09-14,19300.0,50,50,95.0,0.15,140.0,93.6,276.1,282.5,186.25,112.15,1602.4999999999986,PRIMARY_VALID_SECONDARY_COMPLETE,-4742.5,2320.0000000000005,319.99999999999886,3704.9999999999995,2242.5,34867.5,0.06431490643149064,1.9721428571428572,1.9605263157894737,1.0059252157238734,136.10000000000002,91.25,0.19727292720388276,NON_LOSS,FAR_NET_FAVORABLE,19301.75,19300.0,19300.0,PRIMARY_VALID_SECONDARY_COMPLETE,9.066535417773e-05,2023,True,558.7570157499986
2023-08-25,2023-08-31,2023-09-21,19300.0,50,50,81.05,44.35,120.0,1.05,265.0,245.5,185.0,145.2,5127.5,RECOVERED_BY_SECONDARY_EXACT,-1834.9999999999998,5947.5,-975.0,1990.0000000000005,2052.5,32552.5,0.06305199293449044,2.2083333333333335,2.282541640962369,0.9674887387387388,145.0,103.95,0.1648925487038968,NON_LOSS,FAR_NET_FAVORABLE,19297.4,19300.0,19300.0,RECOVERED_BY_SECONDARY_EXACT,0.00013473317649002168,2023,True,4087.23742065
2023-09-01,2023-09-07,2023-09-28,19250.0,50,50,70.0,0.1,174.9,477.9,320.0,556.6,157.95,41.9,-1012.4999999999992,PRIMARY_VALID_SECONDARY_COMPLETE,-3495.0000000000005,-15150.0,11830.000000000002,5802.499999999999,2857.500000000001,36142.5,0.07906204606764891,1.8296169239565465,2.2564285714285712,0.8108463733900492,145.1,87.94999999999999,0.24522634627657064,BOTH_NEAR_ADVERSE,FAR_NET_FAVORABLE,19258.15,19250.0,19250.0,PRIMARY_VALID_SECONDARY_COMPLETE,0.00042319745146867456,2023,True,-2083.650124149999
2023-09-15,2023-09-21,2023-10-12,20150.0,50,50,85.0,408.55,105.0,0.05,300.85,72.6,163.75,364.0,-1.8189894035458565e-12,RECOVERED_BY_SECONDARY_EXACT,16177.5,5247.5,-11412.500000000002,-10012.5,5855.0,32730.0,0.17888787045523985,2.8652380952380954,1.9264705882352942,1.4872991639403854,195.85000000000002,78.75,0.42643845593435387,BOTH_NEAR_FAVORABLE_BUT_FAR_OFFSETTING,FAR_NET_ADVERSE,20156.45,20150.0,20150.0,RECOVERED_BY_SECONDARY_EXACT,0.0003199968248377431,2023,False,-1057.691813200002
2023-09-22,2023-09-28,2023-10-19,19750.0,50,50,103.0,227.45,121.0,0.2,294.0,160.75,170.6,293.05,-522.5000000000009,RECOVERED_BY_SECONDARY_EXACT,6222.499999999999,6040.0,-6662.5,-6122.500000000001,5270.0,34430.0,0.15306418820795817,2.4297520661157024,1.6563106796116505,1.466966370515342,173.0,67.6,0.43807148794497897,BOTH_NEAR_FAVORABLE_BUT_FAR_OFFSETTING,FAR_NET_ADVERSE,19744.85,19750.0,19750.0,RECOVERED_BY_SECONDARY_EXACT,0.00026082750691959955,2023,False,-1574.076432950001
2023-09-29,2023-10-05,2023-10-26,19600.0,50,50,130.0,54.05,119.0,0.15,282.6,169.7,224.55,206.05,-2575.000000000002,PRIMARY_VALID_SECONDARY_COMPLETE,-3797.5,5942.5,-5645.000000000002,925.0,3452.5,37807.5,0.09131786021292072,2.3747899159663866,1.7273076923076924,1.3748505414189722,163.60000000000002,94.55000000000001,0.26748014720020347,NEAR_PUT_ADVERSE,FAR_NET_ADVERSE,19581.2,19600.0,19600.0,PRIMARY_VALID_SECONDARY_COMPLETE,0.0009601045901170139,2023,False,-3617.5162549000015
2023-10-06,2023-10-12,2023-11-02,19600.0,50,50,110.0,0.1,87.65,196.2,257.45,384.75,180.0,90.85,-99.99999999999908,RECOVERED_BY_SECONDARY_EXACT,-5495.0,-5427.499999999999,6365.000000000001,4457.5,4990.0,31755.0,0.15714060777830263,2.937250427837992,1.6363636363636365,1.7949863725676616,169.79999999999998,70.0,0.4161801501233687,BOTH_NEAR_ADVERSE,FAR_NET_FAVORABLE,19621.2,19600.0,19600.0,RECOVERED_BY_SECONDARY_EXACT,0.0010804639879314583,2023,False,-1148.8059879999992
2023-10-20,2023-10-26,2023-11-16,19550.0,50,50,91.55,695.25,125.0,0.1,274.3,33.9,177.45,637.0,1432.5,RECOVERED_BY_SECONDARY_EXACT,30185.000000000004,6245.0,-12020.0,-22977.5,3170.0,33415.0,0.0948675744426156,2.1944,1.9382850901146913,1.1321347985347985,149.3,85.89999999999999,0.2695578231281057,NON_LOSS,FAR_NET_ADVERSE,19542.15,19550.0,19550.0,RECOVERED_BY_SECONDARY_EXACT,0.00040169582159580927,2023,True,349.81881154999996
2023-10-27,2023-11-02,2023-11-23,18950.0,50,50,148.0,0.1,116.0,184.05,299.35,372.7,213.45,90.25,-970.0000000000028,RECOVERED_BY_SECONDARY_EXACT,-7395.0,-3402.5000000000005,3667.499999999998,6159.999999999999,5895.0,38840.0,0.15177651905252318,2.580603448275862,1.4422297297297297,1.7893151105403027,183.35000000000002,65.44999999999999,0.47387459806883503,BOTH_NEAR_ADVERSE,FAR_NET_FAVORABLE,18928.75,18950.0,18950.0,RECOVERED_BY_SECONDARY_EXACT,0.00112263091857624,2023,False,-2023.9168476000027
2023-11-03,2023-11-09,2023-11-30,19250.0,50,50,77.8,0.1,110.1,145.95,261.4,323.35,163.0,85.4,1300.0000000000018,PRIMARY_VALID_SECONDARY_COMPLETE,-3885.0,-1792.4999999999998,3097.5000000000023,3879.9999999999995,3305.0,30615.0,0.10795361750775763,2.3742052679382377,2.095115681233933,1.1332096309545698,151.29999999999998,85.2,0.27949260042165114,NON_LOSS,FAR_NET_FAVORABLE,19241.0,19250.0,19250.0,PRIMARY_VALID_SECONDARY_COMPLETE,0.0004677511563848033,2023,True,257.2036786000017
2023-11-10,2023-11-16,2023-12-07,19350.0,50,50,75.95,0.1,139.0,433.45,244.8,503.5,170.2,41.6,850.0,PRIMARY_VALID_SECONDARY_COMPLETE,-3792.5000000000005,-14722.5,12935.0,6430.0,577.5,31497.5,0.018334788475275816,1.7611510791366907,2.2409479921000655,0.7858955608721016,105.80000000000001,94.24999999999999,0.0577355661081844,NON_LOSS,FAR_NET_FAVORABLE,19351.85,19350.0,19350.0,PRIMARY_VALID_SECONDARY_COMPLETE,9.55980952724698e-05,2023,True,-212.94230740000012
2023-11-17,2023-11-23,2023-12-14,19650.0,50,50,49.9,0.1,181.0,151.1,330.0,373.1,138.4,80.9,4035.000000000001,PRIMARY_VALID_SECONDARY_COMPLETE,-2490.0,1495.0000000000002,2155.000000000001,2875.0,3025.0,34965.0,0.08651508651508652,1.8232044198895028,2.773547094188377,0.6573547727780794,149.0,88.5,0.2547368421041906,NON_LOSS,FAR_NET_FAVORABLE,19674.75,19650.0,19650.0,PRIMARY_VALID_SECONDARY_COMPLETE,0.0012579575344032325,2023,True,2985.078684500001
2023-11-24,2023-11-30,2023-12-21,19800.0,50,50,57.8,0.15,138.0,329.65,303.0,530.85,154.75,82.75,2527.500000000004,PRIMARY_VALID_SECONDARY_COMPLETE,-2882.5,-9582.499999999998,11392.500000000002,3600.0,3402.5,32677.5,0.10412363246882411,2.1956521739130435,2.6773356401384083,0.8200885017911077,165.0,96.95,0.25978240122061547,NON_LOSS,FAR_NET_FAVORABLE,19809.6,19800.0,19800.0,PRIMARY_VALID_SECONDARY_COMPLETE,0.00048461352071715457,2023,True,1464.5937674500042
2023-12-01,2023-12-07,2023-12-28,20200.0,50,50,99.2,0.05,154.25,701.1,325.0,855.8,203.65,26.4,3102.4999999999964,PRIMARY_VALID_SECONDARY_COMPLETE,-4957.5,-27342.5,26539.999999999996,8862.5,3315.0,39105.0,0.08477176831607211,2.106969205834684,2.052923387096774,1.0263262716366346,170.75,104.45,0.2409156976735432,NON_LOSS,FAR_NET_FAVORABLE,20194.1,20200.0,20200.0,PRIMARY_VALID_SECONDARY_COMPLETE,0.000292164543109198,2023,True,2004.1224259499963
2023-12-08,2023-12-14,2024-01-04,20950.0,50,50,90.2,0.1,150.4,223.55,338.9,489.65,195.1,78.15,5222.499999999999,RECOVERED_BY_SECONDARY_EXACT,-4505.0,-3657.5000000000005,7537.5,5847.499999999999,4180.0,38730.0,0.10792667183062225,2.2533244680851063,2.1629711751662968,1.0417727679204338,188.49999999999997,104.89999999999999,0.28493524198948555,NON_LOSS,FAR_NET_FAVORABLE,20934.1,20950.0,20950.0,RECOVERED_BY_SECONDARY_EXACT,0.0007595263230805937,2023,True,4160.211365549999
2023-12-15,2023-12-21,2024-01-11,21300.0,50,50,90.05,52.35,135.6,0.45,344.95,337.05,194.9,201.9,4127.500000000001,PRIMARY_VALID_SECONDARY_COMPLETE,-1884.9999999999998,6757.5,-394.99999999999886,-350.0,5225.0,38275.0,0.1365120836054866,2.5438790560471976,2.1643531371460303,1.1753530477016425,209.35,104.85000000000001,0.332590706555275,NON_LOSS,FAR_NET_ADVERSE,21287.45,21300.0,21300.0,PRIMARY_VALID_SECONDARY_COMPLETE,0.0005895492414544378,2023,True,3075.128147250001
2023-12-22,2023-12-28,2024-01-18,21300.0,50,50,115.0,0.15,185.0,474.55,394.2,726.75,226.15,111.9,2120.0,PRIMARY_VALID_SECONDARY_COMPLETE,-5742.5,-14477.5,16627.5,5712.5,4902.5,46017.5,0.10653555712500679,2.130810810810811,1.9665217391304348,1.0835429725546903,209.2,111.15,0.306071484313076,NON_LOSS,FAR_NET_FAVORABLE,21295.85,21300.0,21300.0,PRIMARY_VALID_SECONDARY_COMPLETE,0.00019487364909132323,2023,True,1027.9665242
2023-12-29,2024-01-04,2024-01-25,21750.0,50,50,135.0,98.35,249.75,0.1,496.0,271.35,274.95,240.5,1140.0000000000014,PRIMARY_VALID_SECONDARY_COMPLETE,-1832.5000000000002,12482.5,-11232.499999999998,1722.4999999999995,5315.0,57785.0,0.09197888725447781,1.985985985985986,2.0366666666666666,0.97511586873289,246.25,139.95,0.2752459865347612,NON_LOSS,FAR_NET_ADVERSE,21737.65,21750.0,21750.0,PRIMARY_VALID_SECONDARY_COMPLETE,0.0005681386902447387,2023,True,69.74140600000146
2024-01-05,2024-01-11,2024-02-01,21700.0,50,50,111.05,55.95,148.95,0.25,401.95,282.55,237.9,260.7,-2429.999999999998,PRIMARY_VALID_SECONDARY_COMPLETE,-2754.9999999999995,7434.999999999999,-5969.999999999999,-1139.999999999999,6307.5,44992.5,0.14019003167194533,2.6985565626049013,2.1422782530391715,1.2596666930528553,253.0,126.85000000000001,0.33210477820104745,NEAR_PUT_ADVERSE,FAR_NET_ADVERSE,21705.75,21700.0,21700.0,PRIMARY_VALID_SECONDARY_COMPLETE,0.00026490676433663893,2024,False,-3486.9459211999983
2024-01-12,2024-01-18,2024-02-08,21750.0,50,50,165.0,292.3,115.0,0.1,348.85,242.35,282.55,388.1,1507.4999999999973,PRIMARY_VALID_SECONDARY_COMPLETE,6365.000000000001,5745.0,-5325.000000000002,-5277.500000000001,5815.0,45570.0,0.12760588106210227,3.0334782608695656,1.7124242424242424,1.7714525324490473,233.85000000000002,117.55000000000001,0.3309618668174987,NON_LOSS,FAR_NET_ADVERSE,21773.55,21750.0,21750.0,PRIMARY_VALID_SECONDARY_COMPLETE,0.0010815875224756309,2024,False,433.99707924999734
2024-01-19,2024-01-25,2024-02-15,21600.0,50,50,154.65,271.4,168.0,0.2,405.0,225.15,258.7,363.5,-5.0000000000027285,PRIMARY_VALID_SECONDARY_COMPLETE,5837.499999999998,8390.0,-8992.5,-5240.000000000001,6647.5,49317.5,0.13478988188776803,2.4107142857142856,1.6728095699967667,1.4411169860290465,237.0,104.04999999999998,0.3898255387761625,BOTH_NEAR_FAVORABLE_BUT_FAR_OFFSETTING,FAR_NET_ADVERSE,21615.2,21650.0,21600.0,PRIMARY_VALID_SECONDARY_COMPLETE,0.00160997816351453,2024,False,-1078.6202369000027
2024-01-29,2024-02-01,2024-02-22,21450.0,50,50,194.0,0.2,171.0,251.5,360.0,532.6,279.55,168.15,485.0000000000018,RECOVERED_BY_SECONDARY_EXACT,-9690.0,-4025.0,8630.000000000002,5570.0,5172.5,50227.5,0.10298143447314718,2.1052631578947367,1.440979381443299,1.460994643647215,189.0,85.55000000000001,0.3767983973761544,NON_LOSS,FAR_NET_FAVORABLE,21433.1,21450.0,21450.0,RECOVERED_BY_SECONDARY_EXACT,0.0007885000303269921,2024,False,-593.8371254999981
2024-02-02,2024-02-08,2024-02-29,21800.0,50,50,151.15,99.0,165.6,0.25,360.0,312.65,275.0,299.25,2079.999999999999,PRIMARY_VALID_SECONDARY_COMPLETE,-2607.5000000000005,8267.5,-2367.500000000001,-1212.5,3527.5,47587.5,0.07412660887838193,2.1739130434782608,1.8193847171683757,1.1948616600790514,194.4,123.85,0.2216810683418015,NON_LOSS,FAR_NET_ADVERSE,21812.75,21800.0,21800.0,PRIMARY_VALID_SECONDARY_COMPLETE,0.0005845205212547707,2024,True,1014.1975513999992
2024-02-16,2024-02-22,2024-03-14,22000.0,50,50,132.9,0.3,169.0,207.7,410.55,493.65,280.0,170.1,1084.9999999999982,RECOVERED_BY_SECONDARY_EXACT,-6630.0,-1934.9999999999995,4154.999999999998,5495.0,4722.5,49622.5,0.0951685223436949,2.4292899408284025,2.1068472535741156,1.1530451183431956,241.55,147.1,0.24302071272290493,NON_LOSS,FAR_NET_FAVORABLE,22020.3,22000.0,22000.0,RECOVERED_BY_SECONDARY_EXACT,0.0009218766320167878,2024,True,10.247049699998115
2024-02-23,2024-02-29,2024-03-21,22300.0,50,50,168.0,328.95,150.5,0.15,402.75,215.55,301.7,372.25,2677.4999999999995,RECOVERED_BY_SECONDARY_EXACT,8047.499999999999,7517.5,-9360.0,-3527.5000000000005,5927.5,51147.5,0.11589031721980546,2.676079734219269,1.7958333333333332,1.4901604088459968,252.25,133.7,0.3071641404319027,NON_LOSS,FAR_NET_ADVERSE,22290.0,22300.0,22300.0,RECOVERED_BY_SECONDARY_EXACT,0.00044863167339614175,2024,False,1598.7983738499995
2024-03-01,2024-03-07,2024-03-28,22050.0,50,50,132.0,0.1,197.65,446.45,405.0,595.2,296.45,95.5,522.5000000000018,PRIMARY_VALID_SECONDARY_COMPLETE,-6595.0,-12440.0,9510.000000000002,10047.5,2145.0,51555.0,0.04160605178935118,2.0490766506450795,2.245833333333333,0.912390345370722,207.35,164.45,0.11538461538430508,NON_LOSS,FAR_NET_FAVORABLE,22048.3,22050.0,22050.0,PRIMARY_VALID_SECONDARY_COMPLETE,7.710345015265248e-05,2024,True,-566.0564326499982
2024-03-11,2024-03-14,2024-04-04,22500.0,50,50,125.0,354.4,125.75,0.1,380.0,187.25,259.4,361.25,3022.499999999999,PRIMARY_VALID_SECONDARY_COMPLETE,11469.999999999998,6282.5,-9637.5,-5092.500000000001,5992.500000000002,44507.5,0.1346402291748582,3.021868787276342,2.0751999999999997,1.4561819522341666,254.25,134.39999999999998,0.30837514473097044,NON_LOSS,FAR_NET_ADVERSE,22517.5,22500.0,22500.0,PRIMARY_VALID_SECONDARY_COMPLETE,0.0007771733096480515,2024,False,1950.434254149999
2024-03-15,2024-03-21,2024-04-10,22100.0,50,50,139.0,93.55,198.0,0.15,375.55,298.65,243.4,188.25,6532.499999999998,RECOVERED_BY_SECONDARY_EXACT,-2272.5,9892.5,-3845.000000000002,2757.5000000000005,3657.5,47797.5,0.07652073853235002,1.8967171717171718,1.7510791366906475,1.0831704472830193,177.55,104.4,0.2594431636805836,NON_LOSS,FAR_NET_ADVERSE,22064.85,22100.0,22100.0,RECOVERED_BY_SECONDARY_EXACT,0.001593031450474463,2024,True,5471.176693549998
2024-03-22,2024-03-28,2024-04-18,21950.0,50,50,89.8,0.55,225.6,384.8,393.05,650.0,177.45,96.0,4497.5,RECOVERED_BY_SECONDARY_EXACT,-4462.5,-7960.000000000001,12847.5,4072.4999999999995,3990.0,44295.0,0.09007788689468338,1.7422429078014185,1.9760579064587973,0.8816760390000979,167.45000000000002,87.64999999999999,0.3128185025467942,NON_LOSS,FAR_NET_FAVORABLE,21932.2,21950.0,21950.0,RECOVERED_BY_SECONDARY_EXACT,0.0008115920883449573,2024,True,3414.70163225
2024-04-01,2024-04-04,2024-04-25,22450.0,50,50,123.9,2.5,102.0,54.75,360.0,331.65,260.05,163.5,-297.5,PRIMARY_VALID_SECONDARY_COMPLETE,-6070.0,2362.5,-1417.5000000000011,4827.500000000001,6092.5,42297.5,0.14403924581831076,3.5294117647058822,2.098870056497175,1.6815770722824794,258.0,136.15,0.30914626411186313,NEAR_PUT_ADVERSE,FAR_NET_FAVORABLE,22455.0,22450.0,22450.0,PRIMARY_VALID_SECONDARY_COMPLETE,0.00022266755733689602,2024,False,-1350.44330265
2024-04-05,2024-04-10,2024-05-02,22500.0,50,25,116.4,0.15,140.0,251.7,325.25,470.2,207.85,111.45,-5363.75,PRIMARY_VALID_SECONDARY_COMPLETE,-5812.5,-5584.999999999999,3623.7499999999995,2410.0,1755.0,26147.5,0.06711922745960416,2.3232142857142857,1.7856529209621992,1.301044709440187,185.25,91.44999999999999,0.33899530176964593,BOTH_NEAR_ADVERSE,FAR_NET_FAVORABLE,22486.4,22500.0,22500.0,PRIMARY_VALID_SECONDARY_COMPLETE,0.0006048100185000064,2024,False,-6199.902703125
2024-04-12,2024-04-18,2024-05-09,22700.0,50,25,147.65,707.9,145.0,0.1,345.75,80.0,224.0,618.85,18742.5,PRIMARY_VALID_SECONDARY_COMPLETE,28012.5,7245.0,-6643.75,-9871.25,3176.25,28876.25,0.10999523830137224,2.3844827586206896,1.5171012529630883,1.5717360683497537,200.75,76.35,0.44893540238019153,NON_LOSS,FAR_NET_ADVERSE,22677.4,22700.0,22700.0,PRIMARY_VALID_SECONDARY_COMPLETE,0.0009965869103159331,2024,False,17873.02431295
2024-04-26,2024-05-02,2024-05-23,22600.0,25,25,131.05,0.5,150.0,55.4,331.65,344.35,269.75,193.9,1315.0000000000005,PRIMARY_VALID_SECONDARY_COMPLETE,-3263.7500000000005,2365.0,317.50000000000114,1896.2499999999998,1073.75,22061.25,0.048671312822256216,2.211,2.0583746661579547,1.0741484708063023,181.64999999999998,138.7,0.1340721086307661,NON_LOSS,FAR_NET_FAVORABLE,22620.4,22600.0,22600.0,PRIMARY_VALID_SECONDARY_COMPLETE,0.0009018408162544188,2024,True,691.8957153000005
2024-05-03,2024-05-09,2024-05-30,22750.0,25,25,105.15,791.35,151.05,0.1,334.0,63.25,250.0,739.9,1912.5,PRIMARY_VALID_SECONDARY_COMPLETE,17155.0,3773.7500000000005,-6768.75,-12247.5,952.5,21005.0,0.04534634610806951,2.211188348229063,2.377555872563005,0.9300258192651439,182.95,144.85,0.11622940817536233,NON_LOSS,FAR_NET_ADVERSE,22766.35,22750.0,22750.0,PRIMARY_VALID_SECONDARY_COMPLETE,0.0007181651867777903,2024,True,1267.21097965
2024-05-10,2024-05-16,2024-06-06,22000.0,25,25,159.9,0.35,182.0,399.8,567.15,777.95,435.0,286.05,-439.9999999999986,PRIMARY_VALID_SECONDARY_COMPLETE,-3988.7500000000005,-5445.0,5270.000000000002,3723.7499999999995,2751.25,33601.25,0.08187939436776906,3.1162087912087912,2.720450281425891,1.1454753694581281,385.15,275.1,0.16667928814817612,BOTH_NEAR_ADVERSE,FAR_NET_FAVORABLE,21990.95,22000.0,22000.0,PRIMARY_VALID_SECONDARY_COMPLETE,0.0004115329260445443,2024,True,-1093.1650293999985
2024-05-24,2024-05-30,2024-06-20,22900.0,25,25,144.7,419.25,220.0,0.15,601.85,384.0,449.95,696.45,751.2499999999973,RECOVERED_BY_SECONDARY_EXACT,6863.75,5496.25,-5446.250000000001,-6162.500000000002,1915.0,35412.5,0.05407695022943876,2.7356818181818183,3.109536973047685,0.8797714392508259,381.85,305.25,0.11148304468037919,NON_LOSS,FAR_NET_ADVERSE,22930.75,22900.0,22900.0,RECOVERED_BY_SECONDARY_EXACT,0.0013409940800017445,2024,True,95.24669267499723
2024-05-31,2024-06-06,2024-06-27,22550.0,25,25,500.0,0.25,557.0,256.45,629.15,576.25,482.45,207.3,576.2499999999991,PRIMARY_VALID_SECONDARY_COMPLETE,-12493.75,7513.75,-1322.4999999999995,6878.749999999999,2242.5,54215.0,0.04136309139537028,1.1295332136445242,0.9649,1.1706220475122024,72.14999999999998,-17.55000000000001,0.9999999999888517,NON_LOSS,FAR_NET_FAVORABLE,22568.1,22550.0,22550.0,PRIMARY_VALID_SECONDARY_COMPLETE,0.0008020170063052958,2024,True,-86.41909232500097
2024-06-07,2024-06-13,2024-07-04,22800.0,25,25,216.5,0.1,294.35,597.4,479.85,720.15,347.25,80.65,-313.75,PRIMARY_VALID_SECONDARY_COMPLETE,-5410.0,-7576.249999999999,6007.499999999999,6665.000000000001,1368.75,33448.75,0.04092081168952502,1.6302021403091558,1.6039260969976905,1.0163823279393296,185.5,130.75,0.17312252964372135,BOTH_NEAR_ADVERSE,FAR_NET_FAVORABLE,22821.85,22800.0,22800.0,PRIMARY_VALID_SECONDARY_COMPLETE,0.0009574158098488311,2024,True,-965.300113125
2024-06-14,2024-06-20,2024-07-11,23450.0,25,25,170.0,0.25,109.55,114.75,373.55,396.25,333.0,187.2,-161.24999999999957,RECOVERED_BY_SECONDARY_EXACT,-4243.75,-130.00000000000006,567.4999999999998,3645.0000000000005,2525.0,24652.5,0.10242368928100598,3.409858512094934,1.9588235294117646,1.7407686097781945,264.0,163.0,0.23653395784487932,BOTH_NEAR_ADVERSE,FAR_NET_FAVORABLE,23464.95,23450.0,23450.0,RECOVERED_BY_SECONDARY_EXACT,0.0006371204711708623,2024,False,-788.6910879749995
2024-06-21,2024-06-27,2024-07-18,23650.0,25,25,154.95,0.2,116.2,389.75,356.45,568.3,400.0,154.1,736.2499999999991,RECOVERED_BY_SECONDARY_EXACT,-3868.75,-6838.75,5296.249999999999,6147.5,-120.0,25690.0,-0.004671078240560529,3.0675559380378656,2.5814778960955147,1.1882944814974181,240.25,245.05,0.009890789202534764,NON_LOSS,FAR_NET_FAVORABLE,23661.15,23650.0,23650.0,RECOVERED_BY_SECONDARY_EXACT,0.00047123660515238923,2024,True,98.08273397499909
2024-06-28,2024-07-04,2024-07-25,24100.0,25,25,192.7,0.15,145.6,199.6,387.75,433.0,347.65,173.2,-671.25,PRIMARY_VALID_SECONDARY_COMPLETE,-4813.75,-1350.0,1131.25,4361.25,2180.0,26842.5,0.08121449194374593,2.663118131868132,1.8040996367410482,1.4761480339737927,242.15,154.95,0.2195920423061708,BOTH_NEAR_ADVERSE,FAR_NET_FAVORABLE,24085.9,24100.0,24100.0,PRIMARY_VALID_SECONDARY_COMPLETE,0.0005854047388720598,2024,False,-1303.020224675
2024-07-05,2024-07-11,2024-08-01,24200.0,25,25,93.25,0.2,200.5,113.45,390.65,461.85,287.15,226.75,3140.000000000001,PRIMARY_VALID_SECONDARY_COMPLETE,-2326.25,2176.25,1780.0000000000011,1509.9999999999995,-93.74999999999909,24288.75,-0.0038598116411918725,1.9483790523690772,3.079356568364611,0.6327227812412205,190.14999999999998,193.89999999999998,0.009764353599766271,NON_LOSS,FAR_NET_FAVORABLE,24213.35,24200.0,24200.0,PRIMARY_VALID_SECONDARY_COMPLETE,0.0005513487394350037,2024,True,2509.5269854000007
2024-07-12,2024-07-18,2024-08-08,24400.0,25,25,109.9,0.2,130.25,405.05,410.0,634.05,347.5,166.4,516.2499999999991,RECOVERED_BY_SECONDARY_EXACT,-2742.5,-6870.0,5601.249999999999,4527.5,1053.75,24941.25,0.04224928582168095,3.147792706333973,3.1619654231119196,0.9955177508664854,279.75,237.6,0.081472890692797,NON_LOSS,FAR_NET_FAVORABLE,24387.95,24400.0,24400.0,RECOVERED_BY_SECONDARY_EXACT,0.0004940964697729523,2024,True,-123.3079238250009
2024-07-26,2024-08-01,2024-08-22,24400.0,25,25,155.0,0.1,165.0,608.7,375.0,696.05,279.0,86.0,-2113.7500000000027,PRIMARY_VALID_SECONDARY_COMPLETE,-3872.5,-11092.500000000002,8026.249999999999,4825.0,2150.0,24350.0,0.08829568788501027,2.272727272727273,1.8,1.2626262626262628,210.0,124.0,0.25748502993934885,BOTH_NEAR_ADVERSE,FAR_NET_FAVORABLE,24423.35,24400.0,24400.0,PRIMARY_VALID_SECONDARY_COMPLETE,0.0009560523024072679,2024,False,-2756.234669325003
2024-08-02,2024-08-08,2024-08-29,24800.0,25,25,125.15,674.5,172.0,0.1,400.0,85.3,345.0,744.05,187.50000000000185,PRIMARY_VALID_SECONDARY_COMPLETE,13733.75,4297.5,-7867.5,-9976.249999999998,203.75,26053.75,0.00782037134769467,2.3255813953488373,2.756691969636436,0.8436130771823391,228.0,219.85,0.018198057385244628,NON_LOSS,FAR_NET_ADVERSE,24789.0,24800.0,24800.0,PRIMARY_VALID_SECONDARY_COMPLETE,0.00044374520956876035,2024,True,-459.8320599499982
2024-08-09,2024-08-14,2024-09-05,24400.0,25,25,186.15,256.05,130.1,0.15,365.45,230.7,368.85,409.45,612.5000000000009,PRIMARY_VALID_SECONDARY_COMPLETE,1747.5000000000002,3248.7499999999995,-3368.75,-1014.9999999999991,1316.25,26263.75,0.05011660558754938,2.8089930822444273,1.9814665592264304,1.4176333530155893,235.35,182.70000000000002,0.12594187298139944,NON_LOSS,FAR_NET_ADVERSE,24386.85,24400.0,24400.0,PRIMARY_VALID_SECONDARY_COMPLETE,0.0005392250331634244,2024,False,-21.196671049999168
2024-08-16,2024-08-22,2024-09-12,24350.0,25,25,189.5,0.1,145.0,458.8,392.6,626.35,316.6,80.7,-838.7499999999991,RECOVERED_BY_SECONDARY_EXACT,-4735.0,-7845.0,5843.75,5897.500000000001,3012.499999999999,26092.5,0.11545463255724822,2.707586206896552,1.670712401055409,1.6206177707103493,247.60000000000002,127.10000000000002,0.32159060581712945,BOTH_NEAR_ADVERSE,FAR_NET_FAVORABLE,24334.85,24350.0,24350.0,RECOVERED_BY_SECONDARY_EXACT,0.0006225639360834957,2024,False,-1478.049503424999
2024-08-23,2024-08-29,2024-09-19,24850.0,25,25,137.45,0.45,146.3,318.8,331.25,520.6,276.0,135.25,515.0000000000009,PRIMARY_VALID_SECONDARY_COMPLETE,-3425.0,-4312.5,4733.750000000001,3518.75,1160.0,22275.0,0.05207631874298541,2.2641831852358165,2.0080029101491452,1.1275796333719672,184.95,138.55,0.1434312210196493,NON_LOSS,FAR_NET_FAVORABLE,24845.4,24850.0,24850.0,PRIMARY_VALID_SECONDARY_COMPLETE,0.000185144936285934,2024,True,-116.8119311999991
2024-08-30,2024-09-05,2024-09-26,25250.0,25,25,155.45,103.6,130.0,0.25,360.0,292.7,329.95,305.55,874.9999999999994,PRIMARY_VALID_SECONDARY_COMPLETE,-1296.2499999999998,3243.75,-1682.5000000000002,609.9999999999994,1387.5,24385.0,0.05689973344269018,2.769230769230769,2.1225474429076874,1.3046732022334386,230.0,174.5,0.13720642768816513,NON_LOSS,FAR_NET_ADVERSE,25249.7,25250.0,25250.0,PRIMARY_VALID_SECONDARY_COMPLETE,1.188132928309138e-05,2024,False,247.41254499999945
