loss_rank,entry_date,near_expiry,far_expiry,strike,lot_near,lot_far,pnl_inr,leg_near_pe,leg_near_ce,leg_far_ce,leg_far_pe,initial_net_debit_points,near_call_far_call_ratio,near_put_far_put_ratio,signature,comparison_status
1,2024-04-05,2024-04-10,2024-05-02,22500.0,50,25,-5363.75,-5812.5,-5584.999999999999,3623.7499999999995,2410.0,93.79999999999998,0.4304381245196003,0.5600192446475825,bullish-like front-week adverse signature,PRIMARY_VALID_SECONDARY_COMPLETE
2,2022-01-07,2022-01-13,2022-02-03,17800.0,50,50,-4977.5,-7542.5,-15487.5,7984.999999999999,10067.5,94.09999999999997,0.3456745746465373,0.4576450977420822,bullish-like front-week adverse signature,RECOVERED_BY_SECONDARY_EXACT
3,2022-01-28,2022-02-03,2022-02-24,17200.0,50,50,-3472.500000000002,-12547.5,-6072.499999999999,4442.500000000001,10704.999999999998,32.39999999999998,0.6121247792819305,0.6547991653625457,bullish-like front-week adverse signature,PRIMARY_VALID_SECONDARY_COMPLETE
4,2023-07-14,2023-07-20,2023-08-10,19500.0,50,50,-3252.5000000000027,-4500.0,-19870.0,15339.999999999998,5777.499999999999,89.44999999999999,0.32623426911907066,0.5160274756725817,bullish-like front-week adverse signature,PRIMARY_VALID_SECONDARY_COMPLETE
5,2023-09-29,2023-10-05,2023-10-26,19600.0,50,50,-2575.000000000002,-3797.5,5942.5,-5645.000000000002,925.0,69.05000000000001,0.4210898796886058,0.5789356490759296,mixed signature,PRIMARY_VALID_SECONDARY_COMPLETE
6,2024-01-05,2024-01-11,2024-02-01,21700.0,50,50,-2429.999999999998,-2754.9999999999995,7434.999999999999,-5969.999999999999,-1139.999999999999,126.15,0.3705684786665008,0.4667927700714586,mixed signature,PRIMARY_VALID_SECONDARY_COMPLETE
7,2022-04-18,2022-04-21,2022-05-12,17200.0,50,50,-2327.500000000001,-5055.0,-2050.0,-490.00000000000057,5267.5,87.25,0.35294117647058826,0.35034602076124566,mixed signature,RECOVERED_BY_SECONDARY_EXACT
8,2023-06-30,2023-07-06,2023-07-27,19100.0,50,50,-2315.0,-5547.499999999999,-16830.0,14085.0,5977.5,79.5,0.28,0.5847368421052631,bullish-like front-week adverse signature,PRIMARY_VALID_SECONDARY_COMPLETE
9,2024-07-26,2024-08-01,2024-08-22,24400.0,25,25,-2113.7500000000027,-3872.5,-11092.500000000002,8026.249999999999,4825.0,86.0,0.44,0.5555555555555556,bullish-like front-week adverse signature,PRIMARY_VALID_SECONDARY_COMPLETE
10,2022-08-05,2022-08-11,2022-09-01,17400.0,50,50,-1714.999999999999,-8492.5,-4294.999999999999,5290.000000000001,5782.5,65.70000000000005,0.5103487383045081,0.6137184115523465,bullish-like front-week adverse signature,RECOVERED_BY_SECONDARY_EXACT
11,2023-04-28,2023-05-04,2023-05-25,17950.0,50,50,-1582.4999999999982,-4645.0,-10232.499999999998,8210.0,5085.0,75.0,0.4024390243902439,0.5636363636363636,bullish-like front-week adverse signature,PRIMARY_VALID_SECONDARY_COMPLETE
12,2023-03-17,2023-03-23,2023-04-13,17100.0,50,50,-1357.4999999999973,-5247.499999999999,8390.0,-4609.999999999999,110.00000000000085,78.04999999999998,0.5213701121551986,0.6102977061981454,mixed signature,PRIMARY_VALID_SECONDARY_COMPLETE
13,2022-06-03,2022-06-09,2022-06-30,16750.0,50,50,-1027.5000000000043,5892.499999999998,7995.0,-9425.000000000002,-5490.000000000001,30.950000000000045,0.46975924838520255,0.5202756852059626,bearish-like far-week adverse signature,PRIMARY_VALID_SECONDARY_COMPLETE
14,2023-09-01,2023-09-07,2023-09-28,19250.0,50,50,-1012.4999999999992,-3495.0000000000005,-15150.0,11830.000000000002,5802.499999999999,57.150000000000006,0.5465625000000001,0.4431782209559988,bullish-like front-week adverse signature,PRIMARY_VALID_SECONDARY_COMPLETE
15,2023-03-31,2023-04-06,2023-04-27,17200.0,50,50,-990.0000000000018,-4495.0,-15222.5,11477.499999999998,7250.0,58.10000000000002,0.36524413687043444,0.45685279187817257,bullish-like front-week adverse signature,PRIMARY_VALID_SECONDARY_COMPLETE
16,2023-10-27,2023-11-02,2023-11-23,18950.0,50,50,-970.0000000000028,-7395.0,-3402.5000000000005,3667.499999999998,6159.999999999999,117.90000000000003,0.3875062635710706,0.69337081283673,bullish-like front-week adverse signature,RECOVERED_BY_SECONDARY_EXACT
17,2022-03-21,2022-03-24,2022-04-13,17300.0,50,50,-907.4999999999982,-6282.5,11965.0,-3994.999999999999,-2594.999999999999,53.0,0.5217391304347826,0.5412087912087912,mixed signature,RECOVERED_BY_SECONDARY_EXACT
18,2024-08-16,2024-08-22,2024-09-12,24350.0,25,25,-838.7499999999991,-4735.0,-7845.0,5843.75,5897.500000000001,120.5,0.369332654100866,0.598547062539482,bullish-like front-week adverse signature,RECOVERED_BY_SECONDARY_EXACT
19,2024-06-28,2024-07-04,2024-07-25,24100.0,25,25,-671.25,-4813.75,-1350.0,1131.25,4361.25,87.20000000000005,0.3754996776273372,0.5542931108873868,bullish-like front-week adverse signature,PRIMARY_VALID_SECONDARY_COMPLETE
20,2023-09-22,2023-09-28,2023-10-19,19750.0,50,50,-522.5000000000009,6222.499999999999,6040.0,-6662.5,-6122.500000000001,105.4,0.41156462585034015,0.6037514654161782,bearish-like far-week adverse signature,RECOVERED_BY_SECONDARY_EXACT
21,2022-09-30,2022-10-06,2022-10-27,16800.0,50,50,-440.0000000000018,-9645.0,-17635.000000000004,14372.5,12467.500000000002,-8.750000000000057,0.5159005693653659,0.5132296237202499,bullish-like front-week adverse signature,PRIMARY_VALID_SECONDARY_COMPLETE
22,2024-05-10,2024-05-16,2024-06-06,22000.0,25,25,-439.9999999999986,-3988.7500000000005,-5445.0,5270.000000000002,3723.7499999999995,110.04999999999995,0.32090275941109053,0.36758620689655175,bullish-like front-week adverse signature,PRIMARY_VALID_SECONDARY_COMPLETE
23,2024-06-07,2024-06-13,2024-07-04,22800.0,25,25,-313.75,-5410.0,-7576.249999999999,6007.499999999999,6665.000000000001,54.75,0.613420860685631,0.6234701223902088,bullish-like front-week adverse signature,PRIMARY_VALID_SECONDARY_COMPLETE
24,2024-04-01,2024-04-04,2024-04-25,22450.0,50,50,-297.5,-6070.0,2362.5,-1417.5000000000011,4827.500000000001,121.84999999999997,0.2833333333333333,0.47644683714670255,mixed signature,PRIMARY_VALID_SECONDARY_COMPLETE
25,2022-04-29,2022-05-05,2022-05-26,17350.0,50,50,-207.5,24657.5,6495.0,-13052.5,-18307.5,14.050000000000011,0.3923343896182284,0.4789261371539853,bearish-like far-week adverse signature,PRIMARY_VALID_SECONDARY_COMPLETE
26,2023-07-07,2023-07-13,2023-08-03,19400.0,50,50,-192.4999999999991,-3732.5000000000005,5120.0,-3759.9999999999995,2180.000000000001,101.99999999999994,0.3565370459273484,0.44987503471257984,mixed signature,PRIMARY_VALID_SECONDARY_COMPLETE
27,2024-06-14,2024-06-20,2024-07-11,23450.0,25,25,-161.24999999999957,-4243.75,-130.00000000000006,567.4999999999998,3645.0000000000005,100.99999999999994,0.2932673002275465,0.5105105105105106,bullish-like front-week adverse signature,RECOVERED_BY_SECONDARY_EXACT
28,2023-10-06,2023-10-12,2023-11-02,19600.0,50,50,-99.99999999999908,-5495.0,-5427.499999999999,6365.000000000001,4457.5,99.79999999999995,0.34045445717615075,0.6111111111111112,bullish-like front-week adverse signature,RECOVERED_BY_SECONDARY_EXACT
29,2023-05-26,2023-06-01,2023-06-22,18350.0,50,50,-97.50000000000092,-3992.4999999999995,-1577.5000000000005,1275.0,4197.499999999999,61.349999999999994,0.409325502758498,0.4333694474539545,bullish-like front-week adverse signature,PRIMARY_VALID_SECONDARY_COMPLETE
30,2023-01-20,2023-01-25,2023-02-16,18100.0,50,50,-70.0,5455.0,5640.0,-6992.500000000001,-4172.499999999999,89.80000000000001,0.3385260635110845,0.43776824034334766,bearish-like far-week adverse signature,PRIMARY_VALID_SECONDARY_COMPLETE
31,2024-01-19,2024-01-25,2024-02-15,21600.0,50,50,-5.0000000000027285,5837.499999999998,8390.0,-8992.5,-5240.000000000001,132.95,0.4148148148148148,0.5977966756861229,bearish-like far-week adverse signature,PRIMARY_VALID_SECONDARY_COMPLETE
32,2023-09-15,2023-09-21,2023-10-12,20150.0,50,50,-1.8189894035458565e-12,16177.5,5247.5,-11412.500000000002,-10012.5,117.10000000000002,0.34901113511716797,0.5190839694656488,bearish-like far-week adverse signature,RECOVERED_BY_SECONDARY_EXACT
