trade_date,path,mirror_commit
2025-01-01,data/2025/01/BhavCopy_NSE_FO_0_0_0_20250101_F_0000.csv.zip,c052a3f880ac8f5deeef2f85a16c172b91cecba1
2025-01-02,data/2025/01/BhavCopy_NSE_FO_0_0_0_20250102_F_0000.csv.zip,c052a3f880ac8f5deeef2f85a16c172b91cecba1
2025-01-03,data/2025/01/BhavCopy_NSE_FO_0_0_0_20250103_F_0000.csv.zip,c052a3f880ac8f5deeef2f85a16c172b91cecba1
2025-01-06,data/2025/01/BhavCopy_NSE_FO_0_0_0_20250106_F_0000.csv.zip,c052a3f880ac8f5deeef2f85a16c172b91cecba1
2025-01-07,data/2025/01/BhavCopy_NSE_FO_0_0_0_20250107_F_0000.csv.zip,c052a3f880ac8f5deeef2f85a16c172b91cecba1
2025-01-08,data/2025/01/BhavCopy_NSE_FO_0_0_0_20250108_F_0000.csv.zip,c052a3f880ac8f5deeef2f85a16c172b91cecba1
2025-01-09,data/2025/01/BhavCopy_NSE_FO_0_0_0_20250109_F_0000.csv.zip,c052a3f880ac8f5deeef2f85a16c172b91cecba1
2025-01-10,data/2025/01/BhavCopy_NSE_FO_0_0_0_20250110_F_0000.csv.zip,c052a3f880ac8f5deeef2f85a16c172b91cecba1
2025-01-13,data/2025/01/BhavCopy_NSE_FO_0_0_0_20250113_F_0000.csv.zip,c052a3f880ac8f5deeef2f85a16c172b91cecba1
2025-01-14,data/2025/01/BhavCopy_NSE_FO_0_0_0_20250114_F_0000.csv.zip,c052a3f880ac8f5deeef2f85a16c172b91cecba1
2025-01-15,data/2025/01/BhavCopy_NSE_FO_0_0_0_20250115_F_0000.csv.zip,c052a3f880ac8f5deeef2f85a16c172b91cecba1
2025-01-16,data/2025/01/BhavCopy_NSE_FO_0_0_0_20250116_F_0000.csv.zip,c052a3f880ac8f5deeef2f85a16c172b91cecba1
2025-01-17,data/2025/01/BhavCopy_NSE_FO_0_0_0_20250117_F_0000.csv.zip,c052a3f880ac8f5deeef2f85a16c172b91cecba1
2025-01-20,data/2025/01/BhavCopy_NSE_FO_0_0_0_20250120_F_0000.csv.zip,c052a3f880ac8f5deeef2f85a16c172b91cecba1
2025-01-21,data/2025/01/BhavCopy_NSE_FO_0_0_0_20250121_F_0000.csv.zip,c052a3f880ac8f5deeef2f85a16c172b91cecba1
2025-01-22,data/2025/01/BhavCopy_NSE_FO_0_0_0_20250122_F_0000.csv.zip,c052a3f880ac8f5deeef2f85a16c172b91cecba1
2025-01-23,data/2025/01/BhavCopy_NSE_FO_0_0_0_20250123_F_0000.csv.zip,c052a3f880ac8f5deeef2f85a16c172b91cecba1
2025-01-24,data/2025/01/BhavCopy_NSE_FO_0_0_0_20250124_F_0000.csv.zip,c052a3f880ac8f5deeef2f85a16c172b91cecba1
2025-01-27,data/2025/01/BhavCopy_NSE_FO_0_0_0_20250127_F_0000.csv.zip,c052a3f880ac8f5deeef2f85a16c172b91cecba1
2025-01-28,data/2025/01/BhavCopy_NSE_FO_0_0_0_20250128_F_0000.csv.zip,c052a3f880ac8f5deeef2f85a16c172b91cecba1
2025-01-29,data/2025/01/BhavCopy_NSE_FO_0_0_0_20250129_F_0000.csv.zip,c052a3f880ac8f5deeef2f85a16c172b91cecba1
2025-01-30,data/2025/01/BhavCopy_NSE_FO_0_0_0_20250130_F_0000.csv.zip,c052a3f880ac8f5deeef2f85a16c172b91cecba1
2025-01-31,data/2025/01/BhavCopy_NSE_FO_0_0_0_20250131_F_0000.csv.zip,c052a3f880ac8f5deeef2f85a16c172b91cecba1
2025-02-03,data/2025/02/BhavCopy_NSE_FO_0_0_0_20250203_F_0000.csv.zip,c052a3f880ac8f5deeef2f85a16c172b91cecba1
2025-02-04,data/2025/02/BhavCopy_NSE_FO_0_0_0_20250204_F_0000.csv.zip,c052a3f880ac8f5deeef2f85a16c172b91cecba1
2025-02-05,data/2025/02/BhavCopy_NSE_FO_0_0_0_20250205_F_0000.csv.zip,c052a3f880ac8f5deeef2f85a16c172b91cecba1
2025-02-06,data/2025/02/BhavCopy_NSE_FO_0_0_0_20250206_F_0000.csv.zip,c052a3f880ac8f5deeef2f85a16c172b91cecba1
2025-02-07,data/2025/02/BhavCopy_NSE_FO_0_0_0_20250207_F_0000.csv.zip,c052a3f880ac8f5deeef2f85a16c172b91cecba1
2025-02-10,data/2025/02/BhavCopy_NSE_FO_0_0_0_20250210_F_0000.csv.zip,c052a3f880ac8f5deeef2f85a16c172b91cecba1
2025-02-11,data/2025/02/BhavCopy_NSE_FO_0_0_0_20250211_F_0000.csv.zip,c052a3f880ac8f5deeef2f85a16c172b91cecba1
2025-02-12,data/2025/02/BhavCopy_NSE_FO_0_0_0_20250212_F_0000.csv.zip,c052a3f880ac8f5deeef2f85a16c172b91cecba1
2025-02-13,data/2025/02/BhavCopy_NSE_FO_0_0_0_20250213_F_0000.csv.zip,c052a3f880ac8f5deeef2f85a16c172b91cecba1
2025-02-14,data/2025/02/BhavCopy_NSE_FO_0_0_0_20250214_F_0000.csv.zip,c052a3f880ac8f5deeef2f85a16c172b91cecba1
2025-02-17,data/2025/02/BhavCopy_NSE_FO_0_0_0_20250217_F_0000.csv.zip,c052a3f880ac8f5deeef2f85a16c172b91cecba1
2025-02-18,data/2025/02/BhavCopy_NSE_FO_0_0_0_20250218_F_0000.csv.zip,c052a3f880ac8f5deeef2f85a16c172b91cecba1
2025-02-19,data/2025/02/BhavCopy_NSE_FO_0_0_0_20250219_F_0000.csv.zip,c052a3f880ac8f5deeef2f85a16c172b91cecba1
2025-02-20,data/2025/02/BhavCopy_NSE_FO_0_0_0_20250220_F_0000.csv.zip,c052a3f880ac8f5deeef2f85a16c172b91cecba1
2025-02-21,data/2025/02/BhavCopy_NSE_FO_0_0_0_20250221_F_0000.csv.zip,c052a3f880ac8f5deeef2f85a16c172b91cecba1
2025-02-24,data/2025/02/BhavCopy_NSE_FO_0_0_0_20250224_F_0000.csv.zip,c052a3f880ac8f5deeef2f85a16c172b91cecba1
2025-02-25,data/2025/02/BhavCopy_NSE_FO_0_0_0_20250225_F_0000.csv.zip,c052a3f880ac8f5deeef2f85a16c172b91cecba1
2025-02-27,data/2025/02/BhavCopy_NSE_FO_0_0_0_20250227_F_0000.csv.zip,c052a3f880ac8f5deeef2f85a16c172b91cecba1
2025-02-28,data/2025/02/BhavCopy_NSE_FO_0_0_0_20250228_F_0000.csv.zip,c052a3f880ac8f5deeef2f85a16c172b91cecba1
2025-03-03,data/2025/03/BhavCopy_NSE_FO_0_0_0_20250303_F_0000.csv.zip,c052a3f880ac8f5deeef2f85a16c172b91cecba1
2025-03-04,data/2025/03/BhavCopy_NSE_FO_0_0_0_20250304_F_0000.csv.zip,c052a3f880ac8f5deeef2f85a16c172b91cecba1
2025-03-05,data/2025/03/BhavCopy_NSE_FO_0_0_0_20250305_F_0000.csv.zip,c052a3f880ac8f5deeef2f85a16c172b91cecba1
2025-03-06,data/2025/03/BhavCopy_NSE_FO_0_0_0_20250306_F_0000.csv.zip,c052a3f880ac8f5deeef2f85a16c172b91cecba1
2025-03-07,data/2025/03/BhavCopy_NSE_FO_0_0_0_20250307_F_0000.csv.zip,c052a3f880ac8f5deeef2f85a16c172b91cecba1
2025-03-10,data/2025/03/BhavCopy_NSE_FO_0_0_0_20250310_F_0000.csv.zip,c052a3f880ac8f5deeef2f85a16c172b91cecba1
2025-03-11,data/2025/03/BhavCopy_NSE_FO_0_0_0_20250311_F_0000.csv.zip,c052a3f880ac8f5deeef2f85a16c172b91cecba1
2025-03-12,data/2025/03/BhavCopy_NSE_FO_0_0_0_20250312_F_0000.csv.zip,c052a3f880ac8f5deeef2f85a16c172b91cecba1
2025-03-13,data/2025/03/BhavCopy_NSE_FO_0_0_0_20250313_F_0000.csv.zip,c052a3f880ac8f5deeef2f85a16c172b91cecba1
2025-03-17,data/2025/03/BhavCopy_NSE_FO_0_0_0_20250317_F_0000.csv.zip,c052a3f880ac8f5deeef2f85a16c172b91cecba1
2025-03-18,data/2025/03/BhavCopy_NSE_FO_0_0_0_20250318_F_0000.csv.zip,c052a3f880ac8f5deeef2f85a16c172b91cecba1
2025-03-19,data/2025/03/BhavCopy_NSE_FO_0_0_0_20250319_F_0000.csv.zip,c052a3f880ac8f5deeef2f85a16c172b91cecba1
2025-03-20,data/2025/03/BhavCopy_NSE_FO_0_0_0_20250320_F_0000.csv.zip,c052a3f880ac8f5deeef2f85a16c172b91cecba1
2025-03-21,data/2025/03/BhavCopy_NSE_FO_0_0_0_20250321_F_0000.csv.zip,c052a3f880ac8f5deeef2f85a16c172b91cecba1
2025-03-24,data/2025/03/BhavCopy_NSE_FO_0_0_0_20250324_F_0000.csv.zip,c052a3f880ac8f5deeef2f85a16c172b91cecba1
2025-03-25,data/2025/03/BhavCopy_NSE_FO_0_0_0_20250325_F_0000.csv.zip,c052a3f880ac8f5deeef2f85a16c172b91cecba1
2025-03-26,data/2025/03/BhavCopy_NSE_FO_0_0_0_20250326_F_0000.csv.zip,c052a3f880ac8f5deeef2f85a16c172b91cecba1
2025-03-27,data/2025/03/BhavCopy_NSE_FO_0_0_0_20250327_F_0000.csv.zip,c052a3f880ac8f5deeef2f85a16c172b91cecba1
2025-03-28,data/2025/03/BhavCopy_NSE_FO_0_0_0_20250328_F_0000.csv.zip,c052a3f880ac8f5deeef2f85a16c172b91cecba1
2025-04-01,data/2025/04/BhavCopy_NSE_FO_0_0_0_20250401_F_0000.csv.zip,c052a3f880ac8f5deeef2f85a16c172b91cecba1
2025-04-02,data/2025/04/BhavCopy_NSE_FO_0_0_0_20250402_F_0000.csv.zip,c052a3f880ac8f5deeef2f85a16c172b91cecba1
2025-04-03,data/2025/04/BhavCopy_NSE_FO_0_0_0_20250403_F_0000.csv.zip,c052a3f880ac8f5deeef2f85a16c172b91cecba1
2025-04-04,data/2025/04/BhavCopy_NSE_FO_0_0_0_20250404_F_0000.csv.zip,c052a3f880ac8f5deeef2f85a16c172b91cecba1
2025-04-07,data/2025/04/BhavCopy_NSE_FO_0_0_0_20250407_F_0000.csv.zip,c052a3f880ac8f5deeef2f85a16c172b91cecba1
2025-04-08,data/2025/04/BhavCopy_NSE_FO_0_0_0_20250408_F_0000.csv.zip,c052a3f880ac8f5deeef2f85a16c172b91cecba1
2025-04-09,data/2025/04/BhavCopy_NSE_FO_0_0_0_20250409_F_0000.csv.zip,c052a3f880ac8f5deeef2f85a16c172b91cecba1
2025-04-11,data/2025/04/BhavCopy_NSE_FO_0_0_0_20250411_F_0000.csv.zip,c052a3f880ac8f5deeef2f85a16c172b91cecba1
2025-04-15,data/2025/04/BhavCopy_NSE_FO_0_0_0_20250415_F_0000.csv.zip,c052a3f880ac8f5deeef2f85a16c172b91cecba1
2025-04-16,data/2025/04/BhavCopy_NSE_FO_0_0_0_20250416_F_0000.csv.zip,c052a3f880ac8f5deeef2f85a16c172b91cecba1
2025-04-17,data/2025/04/BhavCopy_NSE_FO_0_0_0_20250417_F_0000.csv.zip,c052a3f880ac8f5deeef2f85a16c172b91cecba1
2025-04-21,data/2025/04/BhavCopy_NSE_FO_0_0_0_20250421_F_0000.csv.zip,c052a3f880ac8f5deeef2f85a16c172b91cecba1
2025-04-22,data/2025/04/BhavCopy_NSE_FO_0_0_0_20250422_F_0000.csv.zip,c052a3f880ac8f5deeef2f85a16c172b91cecba1
2025-04-23,data/2025/04/BhavCopy_NSE_FO_0_0_0_20250423_F_0000.csv.zip,c052a3f880ac8f5deeef2f85a16c172b91cecba1
2025-04-24,data/2025/04/BhavCopy_NSE_FO_0_0_0_20250424_F_0000.csv.zip,c052a3f880ac8f5deeef2f85a16c172b91cecba1
2025-04-25,data/2025/04/BhavCopy_NSE_FO_0_0_0_20250425_F_0000.csv.zip,c052a3f880ac8f5deeef2f85a16c172b91cecba1
2025-04-28,data/2025/04/BhavCopy_NSE_FO_0_0_0_20250428_F_0000.csv.zip,c052a3f880ac8f5deeef2f85a16c172b91cecba1
2025-04-29,data/2025/04/BhavCopy_NSE_FO_0_0_0_20250429_F_0000.csv.zip,c052a3f880ac8f5deeef2f85a16c172b91cecba1
2025-04-30,data/2025/04/BhavCopy_NSE_FO_0_0_0_20250430_F_0000.csv.zip,c052a3f880ac8f5deeef2f85a16c172b91cecba1
2025-05-02,data/2025/05/BhavCopy_NSE_FO_0_0_0_20250502_F_0000.csv.zip,c052a3f880ac8f5deeef2f85a16c172b91cecba1
2025-05-05,data/2025/05/BhavCopy_NSE_FO_0_0_0_20250505_F_0000.csv.zip,c052a3f880ac8f5deeef2f85a16c172b91cecba1
2025-05-06,data/2025/05/BhavCopy_NSE_FO_0_0_0_20250506_F_0000.csv.zip,c052a3f880ac8f5deeef2f85a16c172b91cecba1
2025-05-07,data/2025/05/BhavCopy_NSE_FO_0_0_0_20250507_F_0000.csv.zip,c052a3f880ac8f5deeef2f85a16c172b91cecba1
2025-05-08,data/2025/05/BhavCopy_NSE_FO_0_0_0_20250508_F_0000.csv.zip,c052a3f880ac8f5deeef2f85a16c172b91cecba1
2025-05-09,data/2025/05/BhavCopy_NSE_FO_0_0_0_20250509_F_0000.csv.zip,c052a3f880ac8f5deeef2f85a16c172b91cecba1
2025-05-12,data/2025/05/BhavCopy_NSE_FO_0_0_0_20250512_F_0000.csv.zip,c052a3f880ac8f5deeef2f85a16c172b91cecba1
2025-05-13,data/2025/05/BhavCopy_NSE_FO_0_0_0_20250513_F_0000.csv.zip,c052a3f880ac8f5deeef2f85a16c172b91cecba1
2025-05-14,data/2025/05/BhavCopy_NSE_FO_0_0_0_20250514_F_0000.csv.zip,c052a3f880ac8f5deeef2f85a16c172b91cecba1
2025-05-15,data/2025/05/BhavCopy_NSE_FO_0_0_0_20250515_F_0000.csv.zip,c052a3f880ac8f5deeef2f85a16c172b91cecba1
2025-05-16,data/2025/05/BhavCopy_NSE_FO_0_0_0_20250516_F_0000.csv.zip,c052a3f880ac8f5deeef2f85a16c172b91cecba1
2025-05-19,data/2025/05/BhavCopy_NSE_FO_0_0_0_20250519_F_0000.csv.zip,c052a3f880ac8f5deeef2f85a16c172b91cecba1
2025-05-20,data/2025/05/BhavCopy_NSE_FO_0_0_0_20250520_F_0000.csv.zip,c052a3f880ac8f5deeef2f85a16c172b91cecba1
2025-05-21,data/2025/05/BhavCopy_NSE_FO_0_0_0_20250521_F_0000.csv.zip,c052a3f880ac8f5deeef2f85a16c172b91cecba1
2025-05-22,data/2025/05/BhavCopy_NSE_FO_0_0_0_20250522_F_0000.csv.zip,c052a3f880ac8f5deeef2f85a16c172b91cecba1
2025-05-23,data/2025/05/BhavCopy_NSE_FO_0_0_0_20250523_F_0000.csv.zip,c052a3f880ac8f5deeef2f85a16c172b91cecba1
2025-05-26,data/2025/05/BhavCopy_NSE_FO_0_0_0_20250526_F_0000.csv.zip,c052a3f880ac8f5deeef2f85a16c172b91cecba1
2025-05-27,data/2025/05/BhavCopy_NSE_FO_0_0_0_20250527_F_0000.csv.zip,c052a3f880ac8f5deeef2f85a16c172b91cecba1
2025-05-28,data/2025/05/BhavCopy_NSE_FO_0_0_0_20250528_F_0000.csv.zip,c052a3f880ac8f5deeef2f85a16c172b91cecba1
2025-05-29,data/2025/05/BhavCopy_NSE_FO_0_0_0_20250529_F_0000.csv.zip,c052a3f880ac8f5deeef2f85a16c172b91cecba1
2025-05-30,data/2025/05/BhavCopy_NSE_FO_0_0_0_20250530_F_0000.csv.zip,c052a3f880ac8f5deeef2f85a16c172b91cecba1
2025-06-02,data/2025/06/BhavCopy_NSE_FO_0_0_0_20250602_F_0000.csv.zip,c052a3f880ac8f5deeef2f85a16c172b91cecba1
2025-06-03,data/2025/06/BhavCopy_NSE_FO_0_0_0_20250603_F_0000.csv.zip,c052a3f880ac8f5deeef2f85a16c172b91cecba1
2025-06-04,data/2025/06/BhavCopy_NSE_FO_0_0_0_20250604_F_0000.csv.zip,c052a3f880ac8f5deeef2f85a16c172b91cecba1
2025-06-05,data/2025/06/BhavCopy_NSE_FO_0_0_0_20250605_F_0000.csv.zip,c052a3f880ac8f5deeef2f85a16c172b91cecba1
2025-06-06,data/2025/06/BhavCopy_NSE_FO_0_0_0_20250606_F_0000.csv.zip,c052a3f880ac8f5deeef2f85a16c172b91cecba1
2025-06-09,data/2025/06/BhavCopy_NSE_FO_0_0_0_20250609_F_0000.csv.zip,c052a3f880ac8f5deeef2f85a16c172b91cecba1
2025-06-10,data/2025/06/BhavCopy_NSE_FO_0_0_0_20250610_F_0000.csv.zip,c052a3f880ac8f5deeef2f85a16c172b91cecba1
2025-06-11,data/2025/06/BhavCopy_NSE_FO_0_0_0_20250611_F_0000.csv.zip,c052a3f880ac8f5deeef2f85a16c172b91cecba1
2025-06-12,data/2025/06/BhavCopy_NSE_FO_0_0_0_20250612_F_0000.csv.zip,c052a3f880ac8f5deeef2f85a16c172b91cecba1
2025-06-13,data/2025/06/BhavCopy_NSE_FO_0_0_0_20250613_F_0000.csv.zip,c052a3f880ac8f5deeef2f85a16c172b91cecba1
2025-06-16,data/2025/06/BhavCopy_NSE_FO_0_0_0_20250616_F_0000.csv.zip,c052a3f880ac8f5deeef2f85a16c172b91cecba1
2025-06-17,data/2025/06/BhavCopy_NSE_FO_0_0_0_20250617_F_0000.csv.zip,c052a3f880ac8f5deeef2f85a16c172b91cecba1
2025-06-18,data/2025/06/BhavCopy_NSE_FO_0_0_0_20250618_F_0000.csv.zip,c052a3f880ac8f5deeef2f85a16c172b91cecba1
2025-06-19,data/2025/06/BhavCopy_NSE_FO_0_0_0_20250619_F_0000.csv.zip,c052a3f880ac8f5deeef2f85a16c172b91cecba1
2025-06-20,data/2025/06/BhavCopy_NSE_FO_0_0_0_20250620_F_0000.csv.zip,c052a3f880ac8f5deeef2f85a16c172b91cecba1
2025-06-23,data/2025/06/BhavCopy_NSE_FO_0_0_0_20250623_F_0000.csv.zip,c052a3f880ac8f5deeef2f85a16c172b91cecba1
2025-06-24,data/2025/06/BhavCopy_NSE_FO_0_0_0_20250624_F_0000.csv.zip,c052a3f880ac8f5deeef2f85a16c172b91cecba1
2025-06-25,data/2025/06/BhavCopy_NSE_FO_0_0_0_20250625_F_0000.csv.zip,c052a3f880ac8f5deeef2f85a16c172b91cecba1
2025-06-26,data/2025/06/BhavCopy_NSE_FO_0_0_0_20250626_F_0000.csv.zip,c052a3f880ac8f5deeef2f85a16c172b91cecba1
2025-06-27,data/2025/06/BhavCopy_NSE_FO_0_0_0_20250627_F_0000.csv.zip,c052a3f880ac8f5deeef2f85a16c172b91cecba1
2025-06-30,data/2025/06/BhavCopy_NSE_FO_0_0_0_20250630_F_0000.csv.zip,c052a3f880ac8f5deeef2f85a16c172b91cecba1
2025-07-01,data/2025/07/BhavCopy_NSE_FO_0_0_0_20250701_F_0000.csv.zip,c052a3f880ac8f5deeef2f85a16c172b91cecba1
2025-07-02,data/2025/07/BhavCopy_NSE_FO_0_0_0_20250702_F_0000.csv.zip,c052a3f880ac8f5deeef2f85a16c172b91cecba1
2025-07-03,data/2025/07/BhavCopy_NSE_FO_0_0_0_20250703_F_0000.csv.zip,c052a3f880ac8f5deeef2f85a16c172b91cecba1
2025-07-04,data/2025/07/BhavCopy_NSE_FO_0_0_0_20250704_F_0000.csv.zip,c052a3f880ac8f5deeef2f85a16c172b91cecba1
2025-07-07,data/2025/07/BhavCopy_NSE_FO_0_0_0_20250707_F_0000.csv.zip,c052a3f880ac8f5deeef2f85a16c172b91cecba1
2025-07-08,data/2025/07/BhavCopy_NSE_FO_0_0_0_20250708_F_0000.csv.zip,c052a3f880ac8f5deeef2f85a16c172b91cecba1
2025-07-09,data/2025/07/BhavCopy_NSE_FO_0_0_0_20250709_F_0000.csv.zip,c052a3f880ac8f5deeef2f85a16c172b91cecba1
2025-07-10,data/2025/07/BhavCopy_NSE_FO_0_0_0_20250710_F_0000.csv.zip,c052a3f880ac8f5deeef2f85a16c172b91cecba1
2025-07-11,data/2025/07/BhavCopy_NSE_FO_0_0_0_20250711_F_0000.csv.zip,c052a3f880ac8f5deeef2f85a16c172b91cecba1
2025-07-14,data/2025/07/BhavCopy_NSE_FO_0_0_0_20250714_F_0000.csv.zip,c052a3f880ac8f5deeef2f85a16c172b91cecba1
2025-07-15,data/2025/07/BhavCopy_NSE_FO_0_0_0_20250715_F_0000.csv.zip,c052a3f880ac8f5deeef2f85a16c172b91cecba1
2025-07-16,data/2025/07/BhavCopy_NSE_FO_0_0_0_20250716_F_0000.csv.zip,c052a3f880ac8f5deeef2f85a16c172b91cecba1
2025-07-17,data/2025/07/BhavCopy_NSE_FO_0_0_0_20250717_F_0000.csv.zip,c052a3f880ac8f5deeef2f85a16c172b91cecba1
2025-07-18,data/2025/07/BhavCopy_NSE_FO_0_0_0_20250718_F_0000.csv.zip,c052a3f880ac8f5deeef2f85a16c172b91cecba1
2025-07-21,data/2025/07/BhavCopy_NSE_FO_0_0_0_20250721_F_0000.csv.zip,c052a3f880ac8f5deeef2f85a16c172b91cecba1
2025-07-22,data/2025/07/BhavCopy_NSE_FO_0_0_0_20250722_F_0000.csv.zip,c052a3f880ac8f5deeef2f85a16c172b91cecba1
2025-07-23,data/2025/07/BhavCopy_NSE_FO_0_0_0_20250723_F_0000.csv.zip,c052a3f880ac8f5deeef2f85a16c172b91cecba1
2025-07-24,data/2025/07/BhavCopy_NSE_FO_0_0_0_20250724_F_0000.csv.zip,c052a3f880ac8f5deeef2f85a16c172b91cecba1
2025-07-25,data/2025/07/BhavCopy_NSE_FO_0_0_0_20250725_F_0000.csv.zip,c052a3f880ac8f5deeef2f85a16c172b91cecba1
2025-07-28,data/2025/07/BhavCopy_NSE_FO_0_0_0_20250728_F_0000.csv.zip,c052a3f880ac8f5deeef2f85a16c172b91cecba1
2025-07-29,data/2025/07/BhavCopy_NSE_FO_0_0_0_20250729_F_0000.csv.zip,c052a3f880ac8f5deeef2f85a16c172b91cecba1
2025-07-30,data/2025/07/BhavCopy_NSE_FO_0_0_0_20250730_F_0000.csv.zip,c052a3f880ac8f5deeef2f85a16c172b91cecba1
2025-07-31,data/2025/07/BhavCopy_NSE_FO_0_0_0_20250731_F_0000.csv.zip,c052a3f880ac8f5deeef2f85a16c172b91cecba1
2025-08-01,data/2025/08/BhavCopy_NSE_FO_0_0_0_20250801_F_0000.csv.zip,c052a3f880ac8f5deeef2f85a16c172b91cecba1
2025-08-04,data/2025/08/BhavCopy_NSE_FO_0_0_0_20250804_F_0000.csv.zip,c052a3f880ac8f5deeef2f85a16c172b91cecba1
2025-08-05,data/2025/08/BhavCopy_NSE_FO_0_0_0_20250805_F_0000.csv.zip,c052a3f880ac8f5deeef2f85a16c172b91cecba1
2025-08-06,data/2025/08/BhavCopy_NSE_FO_0_0_0_20250806_F_0000.csv.zip,c052a3f880ac8f5deeef2f85a16c172b91cecba1
2025-08-07,data/2025/08/BhavCopy_NSE_FO_0_0_0_20250807_F_0000.csv.zip,c052a3f880ac8f5deeef2f85a16c172b91cecba1
2025-08-08,data/2025/08/BhavCopy_NSE_FO_0_0_0_20250808_F_0000.csv.zip,c052a3f880ac8f5deeef2f85a16c172b91cecba1
2025-08-11,data/2025/08/BhavCopy_NSE_FO_0_0_0_20250811_F_0000.csv.zip,c052a3f880ac8f5deeef2f85a16c172b91cecba1
2025-08-12,data/2025/08/BhavCopy_NSE_FO_0_0_0_20250812_F_0000.csv.zip,c052a3f880ac8f5deeef2f85a16c172b91cecba1
2025-08-13,data/2025/08/BhavCopy_NSE_FO_0_0_0_20250813_F_0000.csv.zip,c052a3f880ac8f5deeef2f85a16c172b91cecba1
2025-08-14,data/2025/08/BhavCopy_NSE_FO_0_0_0_20250814_F_0000.csv.zip,c052a3f880ac8f5deeef2f85a16c172b91cecba1
2025-08-18,data/2025/08/BhavCopy_NSE_FO_0_0_0_20250818_F_0000.csv.zip,c052a3f880ac8f5deeef2f85a16c172b91cecba1
2025-08-19,data/2025/08/BhavCopy_NSE_FO_0_0_0_20250819_F_0000.csv.zip,c052a3f880ac8f5deeef2f85a16c172b91cecba1
2025-08-20,data/2025/08/BhavCopy_NSE_FO_0_0_0_20250820_F_0000.csv.zip,c052a3f880ac8f5deeef2f85a16c172b91cecba1
2025-08-21,data/2025/08/BhavCopy_NSE_FO_0_0_0_20250821_F_0000.csv.zip,c052a3f880ac8f5deeef2f85a16c172b91cecba1
2025-08-22,data/2025/08/BhavCopy_NSE_FO_0_0_0_20250822_F_0000.csv.zip,c052a3f880ac8f5deeef2f85a16c172b91cecba1
2025-08-25,data/2025/08/BhavCopy_NSE_FO_0_0_0_20250825_F_0000.csv.zip,c052a3f880ac8f5deeef2f85a16c172b91cecba1
2025-08-26,data/2025/08/BhavCopy_NSE_FO_0_0_0_20250826_F_0000.csv.zip,c052a3f880ac8f5deeef2f85a16c172b91cecba1
2025-08-28,data/2025/08/BhavCopy_NSE_FO_0_0_0_20250828_F_0000.csv.zip,c052a3f880ac8f5deeef2f85a16c172b91cecba1
2025-08-29,data/2025/08/BhavCopy_NSE_FO_0_0_0_20250829_F_0000.csv.zip,c052a3f880ac8f5deeef2f85a16c172b91cecba1
2025-09-01,data/2025/09/BhavCopy_NSE_FO_0_0_0_20250901_F_0000.csv.zip,c052a3f880ac8f5deeef2f85a16c172b91cecba1
2025-09-02,data/2025/09/BhavCopy_NSE_FO_0_0_0_20250902_F_0000.csv.zip,c052a3f880ac8f5deeef2f85a16c172b91cecba1
2025-09-03,data/2025/09/BhavCopy_NSE_FO_0_0_0_20250903_F_0000.csv.zip,c052a3f880ac8f5deeef2f85a16c172b91cecba1
2025-09-04,data/2025/09/BhavCopy_NSE_FO_0_0_0_20250904_F_0000.csv.zip,c052a3f880ac8f5deeef2f85a16c172b91cecba1
2025-09-05,data/2025/09/BhavCopy_NSE_FO_0_0_0_20250905_F_0000.csv.zip,c052a3f880ac8f5deeef2f85a16c172b91cecba1
2025-09-08,data/2025/09/BhavCopy_NSE_FO_0_0_0_20250908_F_0000.csv.zip,c052a3f880ac8f5deeef2f85a16c172b91cecba1
2025-09-09,data/2025/09/BhavCopy_NSE_FO_0_0_0_20250909_F_0000.csv.zip,c052a3f880ac8f5deeef2f85a16c172b91cecba1
2025-09-10,data/2025/09/BhavCopy_NSE_FO_0_0_0_20250910_F_0000.csv.zip,c052a3f880ac8f5deeef2f85a16c172b91cecba1
2025-09-11,data/2025/09/BhavCopy_NSE_FO_0_0_0_20250911_F_0000.csv.zip,c052a3f880ac8f5deeef2f85a16c172b91cecba1
2025-09-12,data/2025/09/BhavCopy_NSE_FO_0_0_0_20250912_F_0000.csv.zip,c052a3f880ac8f5deeef2f85a16c172b91cecba1
2025-09-15,data/2025/09/BhavCopy_NSE_FO_0_0_0_20250915_F_0000.csv.zip,c052a3f880ac8f5deeef2f85a16c172b91cecba1
2025-09-16,data/2025/09/BhavCopy_NSE_FO_0_0_0_20250916_F_0000.csv.zip,c052a3f880ac8f5deeef2f85a16c172b91cecba1
2025-09-17,data/2025/09/BhavCopy_NSE_FO_0_0_0_20250917_F_0000.csv.zip,c052a3f880ac8f5deeef2f85a16c172b91cecba1
2025-09-18,data/2025/09/BhavCopy_NSE_FO_0_0_0_20250918_F_0000.csv.zip,c052a3f880ac8f5deeef2f85a16c172b91cecba1
2025-09-19,data/2025/09/BhavCopy_NSE_FO_0_0_0_20250919_F_0000.csv.zip,c052a3f880ac8f5deeef2f85a16c172b91cecba1
2025-09-22,data/2025/09/BhavCopy_NSE_FO_0_0_0_20250922_F_0000.csv.zip,c052a3f880ac8f5deeef2f85a16c172b91cecba1
2025-09-23,data/2025/09/BhavCopy_NSE_FO_0_0_0_20250923_F_0000.csv.zip,c052a3f880ac8f5deeef2f85a16c172b91cecba1
2025-09-24,data/2025/09/BhavCopy_NSE_FO_0_0_0_20250924_F_0000.csv.zip,c052a3f880ac8f5deeef2f85a16c172b91cecba1
2025-09-25,data/2025/09/BhavCopy_NSE_FO_0_0_0_20250925_F_0000.csv.zip,c052a3f880ac8f5deeef2f85a16c172b91cecba1
2025-09-26,data/2025/09/BhavCopy_NSE_FO_0_0_0_20250926_F_0000.csv.zip,c052a3f880ac8f5deeef2f85a16c172b91cecba1
2025-09-29,data/2025/09/BhavCopy_NSE_FO_0_0_0_20250929_F_0000.csv.zip,c052a3f880ac8f5deeef2f85a16c172b91cecba1
2025-09-30,data/2025/09/BhavCopy_NSE_FO_0_0_0_20250930_F_0000.csv.zip,c052a3f880ac8f5deeef2f85a16c172b91cecba1
2025-10-01,data/2025/10/BhavCopy_NSE_FO_0_0_0_20251001_F_0000.csv.zip,c052a3f880ac8f5deeef2f85a16c172b91cecba1
2025-10-03,data/2025/10/BhavCopy_NSE_FO_0_0_0_20251003_F_0000.csv.zip,c052a3f880ac8f5deeef2f85a16c172b91cecba1
2025-10-06,data/2025/10/BhavCopy_NSE_FO_0_0_0_20251006_F_0000.csv.zip,c052a3f880ac8f5deeef2f85a16c172b91cecba1
2025-10-07,data/2025/10/BhavCopy_NSE_FO_0_0_0_20251007_F_0000.csv.zip,c052a3f880ac8f5deeef2f85a16c172b91cecba1
2025-10-08,data/2025/10/BhavCopy_NSE_FO_0_0_0_20251008_F_0000.csv.zip,c052a3f880ac8f5deeef2f85a16c172b91cecba1
2025-10-09,data/2025/10/BhavCopy_NSE_FO_0_0_0_20251009_F_0000.csv.zip,c052a3f880ac8f5deeef2f85a16c172b91cecba1
2025-10-10,data/2025/10/BhavCopy_NSE_FO_0_0_0_20251010_F_0000.csv.zip,c052a3f880ac8f5deeef2f85a16c172b91cecba1
2025-10-13,data/2025/10/BhavCopy_NSE_FO_0_0_0_20251013_F_0000.csv.zip,c052a3f880ac8f5deeef2f85a16c172b91cecba1
2025-10-14,data/2025/10/BhavCopy_NSE_FO_0_0_0_20251014_F_0000.csv.zip,c052a3f880ac8f5deeef2f85a16c172b91cecba1
2025-10-15,data/2025/10/BhavCopy_NSE_FO_0_0_0_20251015_F_0000.csv.zip,c052a3f880ac8f5deeef2f85a16c172b91cecba1
2025-10-16,data/2025/10/BhavCopy_NSE_FO_0_0_0_20251016_F_0000.csv.zip,c052a3f880ac8f5deeef2f85a16c172b91cecba1
2025-10-17,data/2025/10/BhavCopy_NSE_FO_0_0_0_20251017_F_0000.csv.zip,c052a3f880ac8f5deeef2f85a16c172b91cecba1
2025-10-20,data/2025/10/BhavCopy_NSE_FO_0_0_0_20251020_F_0000.csv.zip,c052a3f880ac8f5deeef2f85a16c172b91cecba1
2025-10-21,data/2025/10/BhavCopy_NSE_FO_0_0_0_20251021_F_0000.csv.zip,c052a3f880ac8f5deeef2f85a16c172b91cecba1
2025-10-23,data/2025/10/BhavCopy_NSE_FO_0_0_0_20251023_F_0000.csv.zip,c052a3f880ac8f5deeef2f85a16c172b91cecba1
2025-10-24,data/2025/10/BhavCopy_NSE_FO_0_0_0_20251024_F_0000.csv.zip,c052a3f880ac8f5deeef2f85a16c172b91cecba1
2025-10-27,data/2025/10/BhavCopy_NSE_FO_0_0_0_20251027_F_0000.csv.zip,c052a3f880ac8f5deeef2f85a16c172b91cecba1
2025-10-28,data/2025/10/BhavCopy_NSE_FO_0_0_0_20251028_F_0000.csv.zip,c052a3f880ac8f5deeef2f85a16c172b91cecba1
2025-10-29,data/2025/10/BhavCopy_NSE_FO_0_0_0_20251029_F_0000.csv.zip,c052a3f880ac8f5deeef2f85a16c172b91cecba1
2025-10-30,data/2025/10/BhavCopy_NSE_FO_0_0_0_20251030_F_0000.csv.zip,c052a3f880ac8f5deeef2f85a16c172b91cecba1
2025-10-31,data/2025/10/BhavCopy_NSE_FO_0_0_0_20251031_F_0000.csv.zip,c052a3f880ac8f5deeef2f85a16c172b91cecba1
2025-11-03,data/2025/11/BhavCopy_NSE_FO_0_0_0_20251103_F_0000.csv.zip,c052a3f880ac8f5deeef2f85a16c172b91cecba1
2025-11-04,data/2025/11/BhavCopy_NSE_FO_0_0_0_20251104_F_0000.csv.zip,c052a3f880ac8f5deeef2f85a16c172b91cecba1
2025-11-06,data/2025/11/BhavCopy_NSE_FO_0_0_0_20251106_F_0000.csv.zip,c052a3f880ac8f5deeef2f85a16c172b91cecba1
2025-11-07,data/2025/11/BhavCopy_NSE_FO_0_0_0_20251107_F_0000.csv.zip,c052a3f880ac8f5deeef2f85a16c172b91cecba1
2025-11-10,data/2025/11/BhavCopy_NSE_FO_0_0_0_20251110_F_0000.csv.zip,c052a3f880ac8f5deeef2f85a16c172b91cecba1
2025-11-11,data/2025/11/BhavCopy_NSE_FO_0_0_0_20251111_F_0000.csv.zip,c052a3f880ac8f5deeef2f85a16c172b91cecba1
2025-11-12,data/2025/11/BhavCopy_NSE_FO_0_0_0_20251112_F_0000.csv.zip,c052a3f880ac8f5deeef2f85a16c172b91cecba1
2025-11-13,data/2025/11/BhavCopy_NSE_FO_0_0_0_20251113_F_0000.csv.zip,c052a3f880ac8f5deeef2f85a16c172b91cecba1
2025-11-14,data/2025/11/BhavCopy_NSE_FO_0_0_0_20251114_F_0000.csv.zip,c052a3f880ac8f5deeef2f85a16c172b91cecba1
2025-11-17,data/2025/11/BhavCopy_NSE_FO_0_0_0_20251117_F_0000.csv.zip,c052a3f880ac8f5deeef2f85a16c172b91cecba1
2025-11-18,data/2025/11/BhavCopy_NSE_FO_0_0_0_20251118_F_0000.csv.zip,c052a3f880ac8f5deeef2f85a16c172b91cecba1
2025-11-19,data/2025/11/BhavCopy_NSE_FO_0_0_0_20251119_F_0000.csv.zip,c052a3f880ac8f5deeef2f85a16c172b91cecba1
2025-11-20,data/2025/11/BhavCopy_NSE_FO_0_0_0_20251120_F_0000.csv.zip,c052a3f880ac8f5deeef2f85a16c172b91cecba1
2025-11-21,data/2025/11/BhavCopy_NSE_FO_0_0_0_20251121_F_0000.csv.zip,c052a3f880ac8f5deeef2f85a16c172b91cecba1
2025-11-24,data/2025/11/BhavCopy_NSE_FO_0_0_0_20251124_F_0000.csv.zip,c052a3f880ac8f5deeef2f85a16c172b91cecba1
2025-11-25,data/2025/11/BhavCopy_NSE_FO_0_0_0_20251125_F_0000.csv.zip,c052a3f880ac8f5deeef2f85a16c172b91cecba1
2025-11-26,data/2025/11/BhavCopy_NSE_FO_0_0_0_20251126_F_0000.csv.zip,c052a3f880ac8f5deeef2f85a16c172b91cecba1
2025-11-27,data/2025/11/BhavCopy_NSE_FO_0_0_0_20251127_F_0000.csv.zip,c052a3f880ac8f5deeef2f85a16c172b91cecba1
2025-11-28,data/2025/11/BhavCopy_NSE_FO_0_0_0_20251128_F_0000.csv.zip,c052a3f880ac8f5deeef2f85a16c172b91cecba1
2025-12-01,data/2025/12/BhavCopy_NSE_FO_0_0_0_20251201_F_0000.csv.zip,c052a3f880ac8f5deeef2f85a16c172b91cecba1
2025-12-02,data/2025/12/BhavCopy_NSE_FO_0_0_0_20251202_F_0000.csv.zip,c052a3f880ac8f5deeef2f85a16c172b91cecba1
2025-12-03,data/2025/12/BhavCopy_NSE_FO_0_0_0_20251203_F_0000.csv.zip,c052a3f880ac8f5deeef2f85a16c172b91cecba1
2025-12-04,data/2025/12/BhavCopy_NSE_FO_0_0_0_20251204_F_0000.csv.zip,c052a3f880ac8f5deeef2f85a16c172b91cecba1
2025-12-05,data/2025/12/BhavCopy_NSE_FO_0_0_0_20251205_F_0000.csv.zip,c052a3f880ac8f5deeef2f85a16c172b91cecba1
2025-12-08,data/2025/12/BhavCopy_NSE_FO_0_0_0_20251208_F_0000.csv.zip,c052a3f880ac8f5deeef2f85a16c172b91cecba1
2025-12-09,data/2025/12/BhavCopy_NSE_FO_0_0_0_20251209_F_0000.csv.zip,c052a3f880ac8f5deeef2f85a16c172b91cecba1
2025-12-10,data/2025/12/BhavCopy_NSE_FO_0_0_0_20251210_F_0000.csv.zip,c052a3f880ac8f5deeef2f85a16c172b91cecba1
2025-12-11,data/2025/12/BhavCopy_NSE_FO_0_0_0_20251211_F_0000.csv.zip,c052a3f880ac8f5deeef2f85a16c172b91cecba1
2025-12-12,data/2025/12/BhavCopy_NSE_FO_0_0_0_20251212_F_0000.csv.zip,c052a3f880ac8f5deeef2f85a16c172b91cecba1
2025-12-15,data/2025/12/BhavCopy_NSE_FO_0_0_0_20251215_F_0000.csv.zip,c052a3f880ac8f5deeef2f85a16c172b91cecba1
2025-12-16,data/2025/12/BhavCopy_NSE_FO_0_0_0_20251216_F_0000.csv.zip,c052a3f880ac8f5deeef2f85a16c172b91cecba1
2025-12-17,data/2025/12/BhavCopy_NSE_FO_0_0_0_20251217_F_0000.csv.zip,c052a3f880ac8f5deeef2f85a16c172b91cecba1
2025-12-18,data/2025/12/BhavCopy_NSE_FO_0_0_0_20251218_F_0000.csv.zip,c052a3f880ac8f5deeef2f85a16c172b91cecba1
2025-12-19,data/2025/12/BhavCopy_NSE_FO_0_0_0_20251219_F_0000.csv.zip,c052a3f880ac8f5deeef2f85a16c172b91cecba1
2025-12-22,data/2025/12/BhavCopy_NSE_FO_0_0_0_20251222_F_0000.csv.zip,c052a3f880ac8f5deeef2f85a16c172b91cecba1
2025-12-23,data/2025/12/BhavCopy_NSE_FO_0_0_0_20251223_F_0000.csv.zip,c052a3f880ac8f5deeef2f85a16c172b91cecba1
2025-12-24,data/2025/12/BhavCopy_NSE_FO_0_0_0_20251224_F_0000.csv.zip,c052a3f880ac8f5deeef2f85a16c172b91cecba1
2025-12-26,data/2025/12/BhavCopy_NSE_FO_0_0_0_20251226_F_0000.csv.zip,c052a3f880ac8f5deeef2f85a16c172b91cecba1
2025-12-29,data/2025/12/BhavCopy_NSE_FO_0_0_0_20251229_F_0000.csv.zip,c052a3f880ac8f5deeef2f85a16c172b91cecba1
2025-12-30,data/2025/12/BhavCopy_NSE_FO_0_0_0_20251230_F_0000.csv.zip,c052a3f880ac8f5deeef2f85a16c172b91cecba1
2025-12-31,data/2025/12/BhavCopy_NSE_FO_0_0_0_20251231_F_0000.csv.zip,c052a3f880ac8f5deeef2f85a16c172b91cecba1
2026-01-01,data/2026/01/BhavCopy_NSE_FO_0_0_0_20260101_F_0000.csv.zip,c052a3f880ac8f5deeef2f85a16c172b91cecba1
2026-01-02,data/2026/01/BhavCopy_NSE_FO_0_0_0_20260102_F_0000.csv.zip,c052a3f880ac8f5deeef2f85a16c172b91cecba1
2026-01-05,data/2026/01/BhavCopy_NSE_FO_0_0_0_20260105_F_0000.csv.zip,c052a3f880ac8f5deeef2f85a16c172b91cecba1
2026-01-06,data/2026/01/BhavCopy_NSE_FO_0_0_0_20260106_F_0000.csv.zip,c052a3f880ac8f5deeef2f85a16c172b91cecba1
2026-01-07,data/2026/01/BhavCopy_NSE_FO_0_0_0_20260107_F_0000.csv.zip,c052a3f880ac8f5deeef2f85a16c172b91cecba1
2026-01-08,data/2026/01/BhavCopy_NSE_FO_0_0_0_20260108_F_0000.csv.zip,c052a3f880ac8f5deeef2f85a16c172b91cecba1
2026-01-09,data/2026/01/BhavCopy_NSE_FO_0_0_0_20260109_F_0000.csv.zip,c052a3f880ac8f5deeef2f85a16c172b91cecba1
2026-01-12,data/2026/01/BhavCopy_NSE_FO_0_0_0_20260112_F_0000.csv.zip,c052a3f880ac8f5deeef2f85a16c172b91cecba1
2026-01-13,data/2026/01/BhavCopy_NSE_FO_0_0_0_20260113_F_0000.csv.zip,c052a3f880ac8f5deeef2f85a16c172b91cecba1
2026-01-14,data/2026/01/BhavCopy_NSE_FO_0_0_0_20260114_F_0000.csv.zip,c052a3f880ac8f5deeef2f85a16c172b91cecba1
2026-01-16,data/2026/01/BhavCopy_NSE_FO_0_0_0_20260116_F_0000.csv.zip,c052a3f880ac8f5deeef2f85a16c172b91cecba1
2026-01-19,data/2026/01/BhavCopy_NSE_FO_0_0_0_20260119_F_0000.csv.zip,c052a3f880ac8f5deeef2f85a16c172b91cecba1
2026-01-20,data/2026/01/BhavCopy_NSE_FO_0_0_0_20260120_F_0000.csv.zip,c052a3f880ac8f5deeef2f85a16c172b91cecba1
2026-01-21,data/2026/01/BhavCopy_NSE_FO_0_0_0_20260121_F_0000.csv.zip,c052a3f880ac8f5deeef2f85a16c172b91cecba1
2026-01-22,data/2026/01/BhavCopy_NSE_FO_0_0_0_20260122_F_0000.csv.zip,c052a3f880ac8f5deeef2f85a16c172b91cecba1
2026-01-23,data/2026/01/BhavCopy_NSE_FO_0_0_0_20260123_F_0000.csv.zip,c052a3f880ac8f5deeef2f85a16c172b91cecba1
2026-01-27,data/2026/01/BhavCopy_NSE_FO_0_0_0_20260127_F_0000.csv.zip,c052a3f880ac8f5deeef2f85a16c172b91cecba1
2026-01-28,data/2026/01/BhavCopy_NSE_FO_0_0_0_20260128_F_0000.csv.zip,c052a3f880ac8f5deeef2f85a16c172b91cecba1
2026-01-29,data/2026/01/BhavCopy_NSE_FO_0_0_0_20260129_F_0000.csv.zip,c052a3f880ac8f5deeef2f85a16c172b91cecba1
2026-01-30,data/2026/01/BhavCopy_NSE_FO_0_0_0_20260130_F_0000.csv.zip,c052a3f880ac8f5deeef2f85a16c172b91cecba1
2026-02-02,data/2026/02/BhavCopy_NSE_FO_0_0_0_20260202_F_0000.csv.zip,c052a3f880ac8f5deeef2f85a16c172b91cecba1
2026-02-03,data/2026/02/BhavCopy_NSE_FO_0_0_0_20260203_F_0000.csv.zip,c052a3f880ac8f5deeef2f85a16c172b91cecba1
2026-02-04,data/2026/02/BhavCopy_NSE_FO_0_0_0_20260204_F_0000.csv.zip,c052a3f880ac8f5deeef2f85a16c172b91cecba1
2026-02-05,data/2026/02/BhavCopy_NSE_FO_0_0_0_20260205_F_0000.csv.zip,c052a3f880ac8f5deeef2f85a16c172b91cecba1
2026-02-06,data/2026/02/BhavCopy_NSE_FO_0_0_0_20260206_F_0000.csv.zip,c052a3f880ac8f5deeef2f85a16c172b91cecba1
2026-02-09,data/2026/02/BhavCopy_NSE_FO_0_0_0_20260209_F_0000.csv.zip,c052a3f880ac8f5deeef2f85a16c172b91cecba1
2026-02-10,data/2026/02/BhavCopy_NSE_FO_0_0_0_20260210_F_0000.csv.zip,c052a3f880ac8f5deeef2f85a16c172b91cecba1
2026-02-11,data/2026/02/BhavCopy_NSE_FO_0_0_0_20260211_F_0000.csv.zip,c052a3f880ac8f5deeef2f85a16c172b91cecba1
2026-02-12,data/2026/02/BhavCopy_NSE_FO_0_0_0_20260212_F_0000.csv.zip,c052a3f880ac8f5deeef2f85a16c172b91cecba1
2026-02-13,data/2026/02/BhavCopy_NSE_FO_0_0_0_20260213_F_0000.csv.zip,c052a3f880ac8f5deeef2f85a16c172b91cecba1
2026-02-16,data/2026/02/BhavCopy_NSE_FO_0_0_0_20260216_F_0000.csv.zip,c052a3f880ac8f5deeef2f85a16c172b91cecba1
2026-02-17,data/2026/02/BhavCopy_NSE_FO_0_0_0_20260217_F_0000.csv.zip,c052a3f880ac8f5deeef2f85a16c172b91cecba1
2026-02-18,data/2026/02/BhavCopy_NSE_FO_0_0_0_20260218_F_0000.csv.zip,c052a3f880ac8f5deeef2f85a16c172b91cecba1
2026-02-19,data/2026/02/BhavCopy_NSE_FO_0_0_0_20260219_F_0000.csv.zip,c052a3f880ac8f5deeef2f85a16c172b91cecba1
2026-02-20,data/2026/02/BhavCopy_NSE_FO_0_0_0_20260220_F_0000.csv.zip,c052a3f880ac8f5deeef2f85a16c172b91cecba1
2026-02-23,data/2026/02/BhavCopy_NSE_FO_0_0_0_20260223_F_0000.csv.zip,c052a3f880ac8f5deeef2f85a16c172b91cecba1
2026-02-24,data/2026/02/BhavCopy_NSE_FO_0_0_0_20260224_F_0000.csv.zip,c052a3f880ac8f5deeef2f85a16c172b91cecba1
2026-02-25,data/2026/02/BhavCopy_NSE_FO_0_0_0_20260225_F_0000.csv.zip,c052a3f880ac8f5deeef2f85a16c172b91cecba1
2026-02-26,data/2026/02/BhavCopy_NSE_FO_0_0_0_20260226_F_0000.csv.zip,c052a3f880ac8f5deeef2f85a16c172b91cecba1
2026-02-27,data/2026/02/BhavCopy_NSE_FO_0_0_0_20260227_F_0000.csv.zip,c052a3f880ac8f5deeef2f85a16c172b91cecba1
2026-03-02,data/2026/03/BhavCopy_NSE_FO_0_0_0_20260302_F_0000.csv.zip,c052a3f880ac8f5deeef2f85a16c172b91cecba1
2026-03-04,data/2026/03/BhavCopy_NSE_FO_0_0_0_20260304_F_0000.csv.zip,c052a3f880ac8f5deeef2f85a16c172b91cecba1
2026-03-05,data/2026/03/BhavCopy_NSE_FO_0_0_0_20260305_F_0000.csv.zip,c052a3f880ac8f5deeef2f85a16c172b91cecba1
2026-03-06,data/2026/03/BhavCopy_NSE_FO_0_0_0_20260306_F_0000.csv.zip,c052a3f880ac8f5deeef2f85a16c172b91cecba1
2026-03-09,data/2026/03/BhavCopy_NSE_FO_0_0_0_20260309_F_0000.csv.zip,c052a3f880ac8f5deeef2f85a16c172b91cecba1
2026-03-10,data/2026/03/BhavCopy_NSE_FO_0_0_0_20260310_F_0000.csv.zip,c052a3f880ac8f5deeef2f85a16c172b91cecba1
2026-03-11,data/2026/03/BhavCopy_NSE_FO_0_0_0_20260311_F_0000.csv.zip,c052a3f880ac8f5deeef2f85a16c172b91cecba1
2026-03-12,data/2026/03/BhavCopy_NSE_FO_0_0_0_20260312_F_0000.csv.zip,c052a3f880ac8f5deeef2f85a16c172b91cecba1
2026-03-13,data/2026/03/BhavCopy_NSE_FO_0_0_0_20260313_F_0000.csv.zip,c052a3f880ac8f5deeef2f85a16c172b91cecba1
2026-03-16,data/2026/03/BhavCopy_NSE_FO_0_0_0_20260316_F_0000.csv.zip,c052a3f880ac8f5deeef2f85a16c172b91cecba1
2026-03-17,data/2026/03/BhavCopy_NSE_FO_0_0_0_20260317_F_0000.csv.zip,c052a3f880ac8f5deeef2f85a16c172b91cecba1
2026-03-18,data/2026/03/BhavCopy_NSE_FO_0_0_0_20260318_F_0000.csv.zip,c052a3f880ac8f5deeef2f85a16c172b91cecba1
2026-03-19,data/2026/03/BhavCopy_NSE_FO_0_0_0_20260319_F_0000.csv.zip,c052a3f880ac8f5deeef2f85a16c172b91cecba1
2026-03-20,data/2026/03/BhavCopy_NSE_FO_0_0_0_20260320_F_0000.csv.zip,c052a3f880ac8f5deeef2f85a16c172b91cecba1
2026-03-23,data/2026/03/BhavCopy_NSE_FO_0_0_0_20260323_F_0000.csv.zip,c052a3f880ac8f5deeef2f85a16c172b91cecba1
2026-03-24,data/2026/03/BhavCopy_NSE_FO_0_0_0_20260324_F_0000.csv.zip,c052a3f880ac8f5deeef2f85a16c172b91cecba1
2026-03-25,data/2026/03/BhavCopy_NSE_FO_0_0_0_20260325_F_0000.csv.zip,c052a3f880ac8f5deeef2f85a16c172b91cecba1
2026-03-27,data/2026/03/BhavCopy_NSE_FO_0_0_0_20260327_F_0000.csv.zip,c052a3f880ac8f5deeef2f85a16c172b91cecba1
2026-03-30,data/2026/03/BhavCopy_NSE_FO_0_0_0_20260330_F_0000.csv.zip,c052a3f880ac8f5deeef2f85a16c172b91cecba1
2026-04-01,data/2026/04/BhavCopy_NSE_FO_0_0_0_20260401_F_0000.csv.zip,c052a3f880ac8f5deeef2f85a16c172b91cecba1
2026-04-02,data/2026/04/BhavCopy_NSE_FO_0_0_0_20260402_F_0000.csv.zip,c052a3f880ac8f5deeef2f85a16c172b91cecba1
2026-04-06,data/2026/04/BhavCopy_NSE_FO_0_0_0_20260406_F_0000.csv.zip,c052a3f880ac8f5deeef2f85a16c172b91cecba1
2026-04-07,data/2026/04/BhavCopy_NSE_FO_0_0_0_20260407_F_0000.csv.zip,c052a3f880ac8f5deeef2f85a16c172b91cecba1
2026-04-08,data/2026/04/BhavCopy_NSE_FO_0_0_0_20260408_F_0000.csv.zip,c052a3f880ac8f5deeef2f85a16c172b91cecba1
2026-04-09,data/2026/04/BhavCopy_NSE_FO_0_0_0_20260409_F_0000.csv.zip,c052a3f880ac8f5deeef2f85a16c172b91cecba1
2026-04-10,data/2026/04/BhavCopy_NSE_FO_0_0_0_20260410_F_0000.csv.zip,c052a3f880ac8f5deeef2f85a16c172b91cecba1
2026-04-13,data/2026/04/BhavCopy_NSE_FO_0_0_0_20260413_F_0000.csv.zip,c052a3f880ac8f5deeef2f85a16c172b91cecba1
2026-04-15,data/2026/04/BhavCopy_NSE_FO_0_0_0_20260415_F_0000.csv.zip,c052a3f880ac8f5deeef2f85a16c172b91cecba1
2026-04-16,data/2026/04/BhavCopy_NSE_FO_0_0_0_20260416_F_0000.csv.zip,c052a3f880ac8f5deeef2f85a16c172b91cecba1
2026-04-17,data/2026/04/BhavCopy_NSE_FO_0_0_0_20260417_F_0000.csv.zip,c052a3f880ac8f5deeef2f85a16c172b91cecba1
2026-04-20,data/2026/04/BhavCopy_NSE_FO_0_0_0_20260420_F_0000.csv.zip,c052a3f880ac8f5deeef2f85a16c172b91cecba1
2026-04-21,data/2026/04/BhavCopy_NSE_FO_0_0_0_20260421_F_0000.csv.zip,c052a3f880ac8f5deeef2f85a16c172b91cecba1
2026-04-22,data/2026/04/BhavCopy_NSE_FO_0_0_0_20260422_F_0000.csv.zip,c052a3f880ac8f5deeef2f85a16c172b91cecba1
2026-04-23,data/2026/04/BhavCopy_NSE_FO_0_0_0_20260423_F_0000.csv.zip,c052a3f880ac8f5deeef2f85a16c172b91cecba1
2026-04-24,data/2026/04/BhavCopy_NSE_FO_0_0_0_20260424_F_0000.csv.zip,c052a3f880ac8f5deeef2f85a16c172b91cecba1
2026-04-27,data/2026/04/BhavCopy_NSE_FO_0_0_0_20260427_F_0000.csv.zip,c052a3f880ac8f5deeef2f85a16c172b91cecba1
2026-04-28,data/2026/04/BhavCopy_NSE_FO_0_0_0_20260428_F_0000.csv.zip,c052a3f880ac8f5deeef2f85a16c172b91cecba1
2026-04-29,data/2026/04/BhavCopy_NSE_FO_0_0_0_20260429_F_0000.csv.zip,c052a3f880ac8f5deeef2f85a16c172b91cecba1
2026-04-30,data/2026/04/BhavCopy_NSE_FO_0_0_0_20260430_F_0000.csv.zip,c052a3f880ac8f5deeef2f85a16c172b91cecba1
2026-05-04,data/2026/05/BhavCopy_NSE_FO_0_0_0_20260504_F_0000.csv.zip,c052a3f880ac8f5deeef2f85a16c172b91cecba1
2026-05-05,data/2026/05/BhavCopy_NSE_FO_0_0_0_20260505_F_0000.csv.zip,c052a3f880ac8f5deeef2f85a16c172b91cecba1
2026-05-06,data/2026/05/BhavCopy_NSE_FO_0_0_0_20260506_F_0000.csv.zip,c052a3f880ac8f5deeef2f85a16c172b91cecba1
2026-05-07,data/2026/05/BhavCopy_NSE_FO_0_0_0_20260507_F_0000.csv.zip,c052a3f880ac8f5deeef2f85a16c172b91cecba1
2026-05-08,data/2026/05/BhavCopy_NSE_FO_0_0_0_20260508_F_0000.csv.zip,c052a3f880ac8f5deeef2f85a16c172b91cecba1
2026-05-11,data/2026/05/BhavCopy_NSE_FO_0_0_0_20260511_F_0000.csv.zip,c052a3f880ac8f5deeef2f85a16c172b91cecba1
2026-05-12,data/2026/05/BhavCopy_NSE_FO_0_0_0_20260512_F_0000.csv.zip,c052a3f880ac8f5deeef2f85a16c172b91cecba1
2026-05-13,data/2026/05/BhavCopy_NSE_FO_0_0_0_20260513_F_0000.csv.zip,c052a3f880ac8f5deeef2f85a16c172b91cecba1
2026-05-14,data/2026/05/BhavCopy_NSE_FO_0_0_0_20260514_F_0000.csv.zip,c052a3f880ac8f5deeef2f85a16c172b91cecba1
2026-05-15,data/2026/05/BhavCopy_NSE_FO_0_0_0_20260515_F_0000.csv.zip,c052a3f880ac8f5deeef2f85a16c172b91cecba1
2026-05-18,data/2026/05/BhavCopy_NSE_FO_0_0_0_20260518_F_0000.csv.zip,c052a3f880ac8f5deeef2f85a16c172b91cecba1
2026-05-19,data/2026/05/BhavCopy_NSE_FO_0_0_0_20260519_F_0000.csv.zip,c052a3f880ac8f5deeef2f85a16c172b91cecba1
2026-05-20,data/2026/05/BhavCopy_NSE_FO_0_0_0_20260520_F_0000.csv.zip,c052a3f880ac8f5deeef2f85a16c172b91cecba1
2026-05-21,data/2026/05/BhavCopy_NSE_FO_0_0_0_20260521_F_0000.csv.zip,c052a3f880ac8f5deeef2f85a16c172b91cecba1
2026-05-22,data/2026/05/BhavCopy_NSE_FO_0_0_0_20260522_F_0000.csv.zip,c052a3f880ac8f5deeef2f85a16c172b91cecba1
2026-05-25,data/2026/05/BhavCopy_NSE_FO_0_0_0_20260525_F_0000.csv.zip,c052a3f880ac8f5deeef2f85a16c172b91cecba1
2026-05-26,data/2026/05/BhavCopy_NSE_FO_0_0_0_20260526_F_0000.csv.zip,c052a3f880ac8f5deeef2f85a16c172b91cecba1
2026-05-27,data/2026/05/BhavCopy_NSE_FO_0_0_0_20260527_F_0000.csv.zip,c052a3f880ac8f5deeef2f85a16c172b91cecba1
2026-05-29,data/2026/05/BhavCopy_NSE_FO_0_0_0_20260529_F_0000.csv.zip,c052a3f880ac8f5deeef2f85a16c172b91cecba1
2026-06-01,data/2026/06/BhavCopy_NSE_FO_0_0_0_20260601_F_0000.csv.zip,c052a3f880ac8f5deeef2f85a16c172b91cecba1
2026-06-02,data/2026/06/BhavCopy_NSE_FO_0_0_0_20260602_F_0000.csv.zip,c052a3f880ac8f5deeef2f85a16c172b91cecba1
2026-06-03,data/2026/06/BhavCopy_NSE_FO_0_0_0_20260603_F_0000.csv.zip,c052a3f880ac8f5deeef2f85a16c172b91cecba1
2026-06-04,data/2026/06/BhavCopy_NSE_FO_0_0_0_20260604_F_0000.csv.zip,c052a3f880ac8f5deeef2f85a16c172b91cecba1
2026-06-05,data/2026/06/BhavCopy_NSE_FO_0_0_0_20260605_F_0000.csv.zip,c052a3f880ac8f5deeef2f85a16c172b91cecba1
2026-06-08,data/2026/06/BhavCopy_NSE_FO_0_0_0_20260608_F_0000.csv.zip,c052a3f880ac8f5deeef2f85a16c172b91cecba1
2026-06-09,data/2026/06/BhavCopy_NSE_FO_0_0_0_20260609_F_0000.csv.zip,c052a3f880ac8f5deeef2f85a16c172b91cecba1
2026-06-10,data/2026/06/BhavCopy_NSE_FO_0_0_0_20260610_F_0000.csv.zip,c052a3f880ac8f5deeef2f85a16c172b91cecba1
2026-06-11,data/2026/06/BhavCopy_NSE_FO_0_0_0_20260611_F_0000.csv.zip,c052a3f880ac8f5deeef2f85a16c172b91cecba1
2026-06-12,data/2026/06/BhavCopy_NSE_FO_0_0_0_20260612_F_0000.csv.zip,c052a3f880ac8f5deeef2f85a16c172b91cecba1
2026-06-15,data/2026/06/BhavCopy_NSE_FO_0_0_0_20260615_F_0000.csv.zip,c052a3f880ac8f5deeef2f85a16c172b91cecba1
2026-06-16,data/2026/06/BhavCopy_NSE_FO_0_0_0_20260616_F_0000.csv.zip,c052a3f880ac8f5deeef2f85a16c172b91cecba1
2026-06-17,data/2026/06/BhavCopy_NSE_FO_0_0_0_20260617_F_0000.csv.zip,c052a3f880ac8f5deeef2f85a16c172b91cecba1
2026-06-18,data/2026/06/BhavCopy_NSE_FO_0_0_0_20260618_F_0000.csv.zip,c052a3f880ac8f5deeef2f85a16c172b91cecba1
2026-06-19,data/2026/06/BhavCopy_NSE_FO_0_0_0_20260619_F_0000.csv.zip,c052a3f880ac8f5deeef2f85a16c172b91cecba1
2026-06-22,data/2026/06/BhavCopy_NSE_FO_0_0_0_20260622_F_0000.csv.zip,c052a3f880ac8f5deeef2f85a16c172b91cecba1
2026-06-23,data/2026/06/BhavCopy_NSE_FO_0_0_0_20260623_F_0000.csv.zip,c052a3f880ac8f5deeef2f85a16c172b91cecba1
2026-06-24,data/2026/06/BhavCopy_NSE_FO_0_0_0_20260624_F_0000.csv.zip,c052a3f880ac8f5deeef2f85a16c172b91cecba1
2026-06-25,data/2026/06/BhavCopy_NSE_FO_0_0_0_20260625_F_0000.csv.zip,c052a3f880ac8f5deeef2f85a16c172b91cecba1
2026-06-29,data/2026/06/BhavCopy_NSE_FO_0_0_0_20260629_F_0000.csv.zip,c052a3f880ac8f5deeef2f85a16c172b91cecba1
2026-06-30,data/2026/06/BhavCopy_NSE_FO_0_0_0_20260630_F_0000.csv.zip,c052a3f880ac8f5deeef2f85a16c172b91cecba1
2026-07-01,data/2026/07/BhavCopy_NSE_FO_0_0_0_20260701_F_0000.csv.zip,c052a3f880ac8f5deeef2f85a16c172b91cecba1
2026-07-02,data/2026/07/BhavCopy_NSE_FO_0_0_0_20260702_F_0000.csv.zip,c052a3f880ac8f5deeef2f85a16c172b91cecba1
2026-07-03,data/2026/07/BhavCopy_NSE_FO_0_0_0_20260703_F_0000.csv.zip,c052a3f880ac8f5deeef2f85a16c172b91cecba1
2026-07-06,data/2026/07/BhavCopy_NSE_FO_0_0_0_20260706_F_0000.csv.zip,c052a3f880ac8f5deeef2f85a16c172b91cecba1
2026-07-07,data/2026/07/BhavCopy_NSE_FO_0_0_0_20260707_F_0000.csv.zip,c052a3f880ac8f5deeef2f85a16c172b91cecba1
2026-07-08,data/2026/07/BhavCopy_NSE_FO_0_0_0_20260708_F_0000.csv.zip,c052a3f880ac8f5deeef2f85a16c172b91cecba1
2026-07-09,data/2026/07/BhavCopy_NSE_FO_0_0_0_20260709_F_0000.csv.zip,c052a3f880ac8f5deeef2f85a16c172b91cecba1
2026-07-10,data/2026/07/BhavCopy_NSE_FO_0_0_0_20260710_F_0000.csv.zip,c052a3f880ac8f5deeef2f85a16c172b91cecba1
2026-07-13,data/2026/07/BhavCopy_NSE_FO_0_0_0_20260713_F_0000.csv.zip,c052a3f880ac8f5deeef2f85a16c172b91cecba1
2026-07-14,data/2026/07/BhavCopy_NSE_FO_0_0_0_20260714_F_0000.csv.zip,c052a3f880ac8f5deeef2f85a16c172b91cecba1
2026-07-15,data/2026/07/BhavCopy_NSE_FO_0_0_0_20260715_F_0000.csv.zip,c052a3f880ac8f5deeef2f85a16c172b91cecba1
2026-07-16,data/2026/07/BhavCopy_NSE_FO_0_0_0_20260716_F_0000.csv.zip,c052a3f880ac8f5deeef2f85a16c172b91cecba1
2026-07-17,data/2026/07/BhavCopy_NSE_FO_0_0_0_20260717_F_0000.csv.zip,c052a3f880ac8f5deeef2f85a16c172b91cecba1
2026-07-20,data/2026/07/BhavCopy_NSE_FO_0_0_0_20260720_F_0000.csv.zip,c052a3f880ac8f5deeef2f85a16c172b91cecba1
2026-07-21,data/2026/07/BhavCopy_NSE_FO_0_0_0_20260721_F_0000.csv.zip,c052a3f880ac8f5deeef2f85a16c172b91cecba1
2026-07-22,data/2026/07/BhavCopy_NSE_FO_0_0_0_20260722_F_0000.csv.zip,c052a3f880ac8f5deeef2f85a16c172b91cecba1
2026-07-23,data/2026/07/BhavCopy_NSE_FO_0_0_0_20260723_F_0000.csv.zip,c052a3f880ac8f5deeef2f85a16c172b91cecba1
2026-07-24,data/2026/07/BhavCopy_NSE_FO_0_0_0_20260724_F_0000.csv.zip,c052a3f880ac8f5deeef2f85a16c172b91cecba1
2026-07-27,data/2026/07/BhavCopy_NSE_FO_0_0_0_20260727_F_0000.csv.zip,c052a3f880ac8f5deeef2f85a16c172b91cecba1
2026-07-28,data/2026/07/BhavCopy_NSE_FO_0_0_0_20260728_F_0000.csv.zip,c052a3f880ac8f5deeef2f85a16c172b91cecba1
2026-07-29,data/2026/07/BhavCopy_NSE_FO_0_0_0_20260729_F_0000.csv.zip,c052a3f880ac8f5deeef2f85a16c172b91cecba1
2026-07-30,data/2026/07/BhavCopy_NSE_FO_0_0_0_20260730_F_0000.csv.zip,c052a3f880ac8f5deeef2f85a16c172b91cecba1
2026-07-31,data/2026/07/BhavCopy_NSE_FO_0_0_0_20260731_F_0000.csv.zip,c052a3f880ac8f5deeef2f85a16c172b91cecba1
2026-08-03,data/2026/08/BhavCopy_NSE_FO_0_0_0_20260803_F_0000.csv.zip,c052a3f880ac8f5deeef2f85a16c172b91cecba1
2026-08-04,data/2026/08/BhavCopy_NSE_FO_0_0_0_20260804_F_0000.csv.zip,c052a3f880ac8f5deeef2f85a16c172b91cecba1
2026-08-05,data/2026/08/BhavCopy_NSE_FO_0_0_0_20260805_F_0000.csv.zip,c052a3f880ac8f5deeef2f85a16c172b91cecba1
2026-08-06,data/2026/08/BhavCopy_NSE_FO_0_0_0_20260806_F_0000.csv.zip,c052a3f880ac8f5deeef2f85a16c172b91cecba1
2026-08-07,data/2026/08/BhavCopy_NSE_FO_0_0_0_20260807_F_0000.csv.zip,c052a3f880ac8f5deeef2f85a16c172b91cecba1
2026-08-10,data/2026/08/BhavCopy_NSE_FO_0_0_0_20260810_F_0000.csv.zip,c052a3f880ac8f5deeef2f85a16c172b91cecba1
2026-08-11,data/2026/08/BhavCopy_NSE_FO_0_0_0_20260811_F_0000.csv.zip,c052a3f880ac8f5deeef2f85a16c172b91cecba1
2026-08-12,data/2026/08/BhavCopy_NSE_FO_0_0_0_20260812_F_0000.csv.zip,c052a3f880ac8f5deeef2f85a16c172b91cecba1
2026-08-13,data/2026/08/BhavCopy_NSE_FO_0_0_0_20260813_F_0000.csv.zip,c052a3f880ac8f5deeef2f85a16c172b91cecba1
2026-08-14,data/2026/08/BhavCopy_NSE_FO_0_0_0_20260814_F_0000.csv.zip,c052a3f880ac8f5deeef2f85a16c172b91cecba1
2026-08-17,data/2026/08/BhavCopy_NSE_FO_0_0_0_20260817_F_0000.csv.zip,c052a3f880ac8f5deeef2f85a16c172b91cecba1
2026-08-18,data/2026/08/BhavCopy_NSE_FO_0_0_0_20260818_F_0000.csv.zip,c052a3f880ac8f5deeef2f85a16c172b91cecba1
2026-08-19,data/2026/08/BhavCopy_NSE_FO_0_0_0_20260819_F_0000.csv.zip,c052a3f880ac8f5deeef2f85a16c172b91cecba1
2026-08-20,data/2026/08/BhavCopy_NSE_FO_0_0_0_20260820_F_0000.csv.zip,c052a3f880ac8f5deeef2f85a16c172b91cecba1
2026-08-21,data/2026/08/BhavCopy_NSE_FO_0_0_0_20260821_F_0000.csv.zip,c052a3f880ac8f5deeef2f85a16c172b91cecba1
2026-08-24,data/2026/08/BhavCopy_NSE_FO_0_0_0_20260824_F_0000.csv.zip,c052a3f880ac8f5deeef2f85a16c172b91cecba1
2026-08-25,data/2026/08/BhavCopy_NSE_FO_0_0_0_20260825_F_0000.csv.zip,c052a3f880ac8f5deeef2f85a16c172b91cecba1
2026-08-26,data/2026/08/BhavCopy_NSE_FO_0_0_0_20260826_F_0000.csv.zip,c052a3f880ac8f5deeef2f85a16c172b91cecba1
2026-08-27,data/2026/08/BhavCopy_NSE_FO_0_0_0_20260827_F_0000.csv.zip,c052a3f880ac8f5deeef2f85a16c172b91cecba1
2026-08-28,data/2026/08/BhavCopy_NSE_FO_0_0_0_20260828_F_0000.csv.zip,c052a3f880ac8f5deeef2f85a16c172b91cecba1
2026-08-31,data/2026/08/BhavCopy_NSE_FO_0_0_0_20260831_F_0000.csv.zip,c052a3f880ac8f5deeef2f85a16c172b91cecba1
2026-09-01,data/2026/09/BhavCopy_NSE_FO_0_0_0_20260901_F_0000.csv.zip,c052a3f880ac8f5deeef2f85a16c172b91cecba1
2026-09-02,data/2026/09/BhavCopy_NSE_FO_0_0_0_20260902_F_0000.csv.zip,c052a3f880ac8f5deeef2f85a16c172b91cecba1
2026-09-03,data/2026/09/BhavCopy_NSE_FO_0_0_0_20260903_F_0000.csv.zip,c052a3f880ac8f5deeef2f85a16c172b91cecba1
2026-09-04,data/2026/09/BhavCopy_NSE_FO_0_0_0_20260904_F_0000.csv.zip,c052a3f880ac8f5deeef2f85a16c172b91cecba1
2026-09-07,data/2026/09/BhavCopy_NSE_FO_0_0_0_20260907_F_0000.csv.zip,c052a3f880ac8f5deeef2f85a16c172b91cecba1
2026-09-08,data/2026/09/BhavCopy_NSE_FO_0_0_0_20260908_F_0000.csv.zip,c052a3f880ac8f5deeef2f85a16c172b91cecba1
2026-09-09,data/2026/09/BhavCopy_NSE_FO_0_0_0_20260909_F_0000.csv.zip,c052a3f880ac8f5deeef2f85a16c172b91cecba1
2026-09-10,data/2026/09/BhavCopy_NSE_FO_0_0_0_20260910_F_0000.csv.zip,c052a3f880ac8f5deeef2f85a16c172b91cecba1
2026-09-11,data/2026/09/BhavCopy_NSE_FO_0_0_0_20260911_F_0000.csv.zip,c052a3f880ac8f5deeef2f85a16c172b91cecba1
2026-09-15,data/2026/09/BhavCopy_NSE_FO_0_0_0_20260915_F_0000.csv.zip,c052a3f880ac8f5deeef2f85a16c172b91cecba1
2026-09-16,data/2026/09/BhavCopy_NSE_FO_0_0_0_20260916_F_0000.csv.zip,c052a3f880ac8f5deeef2f85a16c172b91cecba1
2026-09-17,data/2026/09/BhavCopy_NSE_FO_0_0_0_20260917_F_0000.csv.zip,c052a3f880ac8f5deeef2f85a16c172b91cecba1
2026-09-18,data/2026/09/BhavCopy_NSE_FO_0_0_0_20260918_F_0000.csv.zip,c052a3f880ac8f5deeef2f85a16c172b91cecba1
2026-09-21,data/2026/09/BhavCopy_NSE_FO_0_0_0_20260921_F_0000.csv.zip,c052a3f880ac8f5deeef2f85a16c172b91cecba1
2026-09-22,data/2026/09/BhavCopy_NSE_FO_0_0_0_20260922_F_0000.csv.zip,c052a3f880ac8f5deeef2f85a16c172b91cecba1
