kind,file,status,local_path,bytes
option,options/NIFTY/2025-01-02.parquet,DOWNLOADED,/home/runner/.cache/huggingface/hub/datasets--thetrademarkk--india-index-options-1m/snapshots/0f4800e43e6f96cec0794369d78eb4d3c4211ef5/options/NIFTY/2025-01-02.parquet,4207119
option,options/NIFTY/2025-01-09.parquet,DOWNLOADED,/home/runner/.cache/huggingface/hub/datasets--thetrademarkk--india-index-options-1m/snapshots/0f4800e43e6f96cec0794369d78eb4d3c4211ef5/options/NIFTY/2025-01-09.parquet,4920809
option,options/NIFTY/2025-01-16.parquet,DOWNLOADED,/home/runner/.cache/huggingface/hub/datasets--thetrademarkk--india-index-options-1m/snapshots/0f4800e43e6f96cec0794369d78eb4d3c4211ef5/options/NIFTY/2025-01-16.parquet,5247321
option,options/NIFTY/2025-01-23.parquet,DOWNLOADED,/home/runner/.cache/huggingface/hub/datasets--thetrademarkk--india-index-options-1m/snapshots/0f4800e43e6f96cec0794369d78eb4d3c4211ef5/options/NIFTY/2025-01-23.parquet,5025015
option,options/NIFTY/2025-01-30.parquet,DOWNLOADED,/home/runner/.cache/huggingface/hub/datasets--thetrademarkk--india-index-options-1m/snapshots/0f4800e43e6f96cec0794369d78eb4d3c4211ef5/options/NIFTY/2025-01-30.parquet,5745391
option,options/NIFTY/2025-02-06.parquet,DOWNLOADED,/home/runner/.cache/huggingface/hub/datasets--thetrademarkk--india-index-options-1m/snapshots/0f4800e43e6f96cec0794369d78eb4d3c4211ef5/options/NIFTY/2025-02-06.parquet,6335499
option,options/NIFTY/2025-02-13.parquet,DOWNLOADED,/home/runner/.cache/huggingface/hub/datasets--thetrademarkk--india-index-options-1m/snapshots/0f4800e43e6f96cec0794369d78eb4d3c4211ef5/options/NIFTY/2025-02-13.parquet,4971702
option,options/NIFTY/2025-02-20.parquet,DOWNLOADED,/home/runner/.cache/huggingface/hub/datasets--thetrademarkk--india-index-options-1m/snapshots/0f4800e43e6f96cec0794369d78eb4d3c4211ef5/options/NIFTY/2025-02-20.parquet,3617083
option,options/NIFTY/2025-02-27.parquet,DOWNLOADED,/home/runner/.cache/huggingface/hub/datasets--thetrademarkk--india-index-options-1m/snapshots/0f4800e43e6f96cec0794369d78eb4d3c4211ef5/options/NIFTY/2025-02-27.parquet,4110178
option,options/NIFTY/2025-03-06.parquet,DOWNLOADED,/home/runner/.cache/huggingface/hub/datasets--thetrademarkk--india-index-options-1m/snapshots/0f4800e43e6f96cec0794369d78eb4d3c4211ef5/options/NIFTY/2025-03-06.parquet,3103475
option,options/NIFTY/2025-03-13.parquet,DOWNLOADED,/home/runner/.cache/huggingface/hub/datasets--thetrademarkk--india-index-options-1m/snapshots/0f4800e43e6f96cec0794369d78eb4d3c4211ef5/options/NIFTY/2025-03-13.parquet,3485905
option,options/NIFTY/2025-03-20.parquet,DOWNLOADED,/home/runner/.cache/huggingface/hub/datasets--thetrademarkk--india-index-options-1m/snapshots/0f4800e43e6f96cec0794369d78eb4d3c4211ef5/options/NIFTY/2025-03-20.parquet,2890373
option,options/NIFTY/2025-03-27.parquet,DOWNLOADED,/home/runner/.cache/huggingface/hub/datasets--thetrademarkk--india-index-options-1m/snapshots/0f4800e43e6f96cec0794369d78eb4d3c4211ef5/options/NIFTY/2025-03-27.parquet,4866023
option,options/NIFTY/2025-04-03.parquet,DOWNLOADED,/home/runner/.cache/huggingface/hub/datasets--thetrademarkk--india-index-options-1m/snapshots/0f4800e43e6f96cec0794369d78eb4d3c4211ef5/options/NIFTY/2025-04-03.parquet,3576228
option,options/NIFTY/2025-04-09.parquet,DOWNLOADED,/home/runner/.cache/huggingface/hub/datasets--thetrademarkk--india-index-options-1m/snapshots/0f4800e43e6f96cec0794369d78eb4d3c4211ef5/options/NIFTY/2025-04-09.parquet,3394071
option,options/NIFTY/2025-04-17.parquet,DOWNLOADED,/home/runner/.cache/huggingface/hub/datasets--thetrademarkk--india-index-options-1m/snapshots/0f4800e43e6f96cec0794369d78eb4d3c4211ef5/options/NIFTY/2025-04-17.parquet,3642609
option,options/NIFTY/2025-04-24.parquet,DOWNLOADED,/home/runner/.cache/huggingface/hub/datasets--thetrademarkk--india-index-options-1m/snapshots/0f4800e43e6f96cec0794369d78eb4d3c4211ef5/options/NIFTY/2025-04-24.parquet,3763296
option,options/NIFTY/2025-04-30.parquet,DOWNLOADED,/home/runner/.cache/huggingface/hub/datasets--thetrademarkk--india-index-options-1m/snapshots/0f4800e43e6f96cec0794369d78eb4d3c4211ef5/options/NIFTY/2025-04-30.parquet,4047312
option,options/NIFTY/2025-05-08.parquet,DOWNLOADED,/home/runner/.cache/huggingface/hub/datasets--thetrademarkk--india-index-options-1m/snapshots/0f4800e43e6f96cec0794369d78eb4d3c4211ef5/options/NIFTY/2025-05-08.parquet,4036546
option,options/NIFTY/2025-05-15.parquet,DOWNLOADED,/home/runner/.cache/huggingface/hub/datasets--thetrademarkk--india-index-options-1m/snapshots/0f4800e43e6f96cec0794369d78eb4d3c4211ef5/options/NIFTY/2025-05-15.parquet,4687285
option,options/NIFTY/2025-05-22.parquet,DOWNLOADED,/home/runner/.cache/huggingface/hub/datasets--thetrademarkk--india-index-options-1m/snapshots/0f4800e43e6f96cec0794369d78eb4d3c4211ef5/options/NIFTY/2025-05-22.parquet,4203693
option,options/NIFTY/2025-05-29.parquet,DOWNLOADED,/home/runner/.cache/huggingface/hub/datasets--thetrademarkk--india-index-options-1m/snapshots/0f4800e43e6f96cec0794369d78eb4d3c4211ef5/options/NIFTY/2025-05-29.parquet,5695383
option,options/NIFTY/2025-06-05.parquet,DOWNLOADED,/home/runner/.cache/huggingface/hub/datasets--thetrademarkk--india-index-options-1m/snapshots/0f4800e43e6f96cec0794369d78eb4d3c4211ef5/options/NIFTY/2025-06-05.parquet,3972753
option,options/NIFTY/2025-06-12.parquet,DOWNLOADED,/home/runner/.cache/huggingface/hub/datasets--thetrademarkk--india-index-options-1m/snapshots/0f4800e43e6f96cec0794369d78eb4d3c4211ef5/options/NIFTY/2025-06-12.parquet,3792864
option,options/NIFTY/2025-06-19.parquet,DOWNLOADED,/home/runner/.cache/huggingface/hub/datasets--thetrademarkk--india-index-options-1m/snapshots/0f4800e43e6f96cec0794369d78eb4d3c4211ef5/options/NIFTY/2025-06-19.parquet,3536177
option,options/NIFTY/2025-06-26.parquet,DOWNLOADED,/home/runner/.cache/huggingface/hub/datasets--thetrademarkk--india-index-options-1m/snapshots/0f4800e43e6f96cec0794369d78eb4d3c4211ef5/options/NIFTY/2025-06-26.parquet,5608001
option,options/NIFTY/2025-07-03.parquet,DOWNLOADED,/home/runner/.cache/huggingface/hub/datasets--thetrademarkk--india-index-options-1m/snapshots/0f4800e43e6f96cec0794369d78eb4d3c4211ef5/options/NIFTY/2025-07-03.parquet,3637360
option,options/NIFTY/2025-07-10.parquet,DOWNLOADED,/home/runner/.cache/huggingface/hub/datasets--thetrademarkk--india-index-options-1m/snapshots/0f4800e43e6f96cec0794369d78eb4d3c4211ef5/options/NIFTY/2025-07-10.parquet,3286514
option,options/NIFTY/2025-07-17.parquet,DOWNLOADED,/home/runner/.cache/huggingface/hub/datasets--thetrademarkk--india-index-options-1m/snapshots/0f4800e43e6f96cec0794369d78eb4d3c4211ef5/options/NIFTY/2025-07-17.parquet,3145055
option,options/NIFTY/2025-07-24.parquet,DOWNLOADED,/home/runner/.cache/huggingface/hub/datasets--thetrademarkk--india-index-options-1m/snapshots/0f4800e43e6f96cec0794369d78eb4d3c4211ef5/options/NIFTY/2025-07-24.parquet,3115279
option,options/NIFTY/2025-07-31.parquet,DOWNLOADED,/home/runner/.cache/huggingface/hub/datasets--thetrademarkk--india-index-options-1m/snapshots/0f4800e43e6f96cec0794369d78eb4d3c4211ef5/options/NIFTY/2025-07-31.parquet,3811657
option,options/NIFTY/2025-08-07.parquet,DOWNLOADED,/home/runner/.cache/huggingface/hub/datasets--thetrademarkk--india-index-options-1m/snapshots/0f4800e43e6f96cec0794369d78eb4d3c4211ef5/options/NIFTY/2025-08-07.parquet,3448753
option,options/NIFTY/2025-08-14.parquet,DOWNLOADED,/home/runner/.cache/huggingface/hub/datasets--thetrademarkk--india-index-options-1m/snapshots/0f4800e43e6f96cec0794369d78eb4d3c4211ef5/options/NIFTY/2025-08-14.parquet,3291874
option,options/NIFTY/2025-08-21.parquet,DOWNLOADED,/home/runner/.cache/huggingface/hub/datasets--thetrademarkk--india-index-options-1m/snapshots/0f4800e43e6f96cec0794369d78eb4d3c4211ef5/options/NIFTY/2025-08-21.parquet,2797332
option,options/NIFTY/2025-08-28.parquet,DOWNLOADED,/home/runner/.cache/huggingface/hub/datasets--thetrademarkk--india-index-options-1m/snapshots/0f4800e43e6f96cec0794369d78eb4d3c4211ef5/options/NIFTY/2025-08-28.parquet,3209434
option,options/NIFTY/2025-09-02.parquet,DOWNLOADED,/home/runner/.cache/huggingface/hub/datasets--thetrademarkk--india-index-options-1m/snapshots/0f4800e43e6f96cec0794369d78eb4d3c4211ef5/options/NIFTY/2025-09-02.parquet,2160910
option,options/NIFTY/2025-09-09.parquet,DOWNLOADED,/home/runner/.cache/huggingface/hub/datasets--thetrademarkk--india-index-options-1m/snapshots/0f4800e43e6f96cec0794369d78eb4d3c4211ef5/options/NIFTY/2025-09-09.parquet,2605260
option,options/NIFTY/2025-09-16.parquet,DOWNLOADED,/home/runner/.cache/huggingface/hub/datasets--thetrademarkk--india-index-options-1m/snapshots/0f4800e43e6f96cec0794369d78eb4d3c4211ef5/options/NIFTY/2025-09-16.parquet,2425664
option,options/NIFTY/2025-09-23.parquet,DOWNLOADED,/home/runner/.cache/huggingface/hub/datasets--thetrademarkk--india-index-options-1m/snapshots/0f4800e43e6f96cec0794369d78eb4d3c4211ef5/options/NIFTY/2025-09-23.parquet,2504047
option,options/NIFTY/2025-09-30.parquet,DOWNLOADED,/home/runner/.cache/huggingface/hub/datasets--thetrademarkk--india-index-options-1m/snapshots/0f4800e43e6f96cec0794369d78eb4d3c4211ef5/options/NIFTY/2025-09-30.parquet,3406038
option,options/NIFTY/2025-10-07.parquet,DOWNLOADED,/home/runner/.cache/huggingface/hub/datasets--thetrademarkk--india-index-options-1m/snapshots/0f4800e43e6f96cec0794369d78eb4d3c4211ef5/options/NIFTY/2025-10-07.parquet,2300493
option,options/NIFTY/2025-10-14.parquet,DOWNLOADED,/home/runner/.cache/huggingface/hub/datasets--thetrademarkk--india-index-options-1m/snapshots/0f4800e43e6f96cec0794369d78eb4d3c4211ef5/options/NIFTY/2025-10-14.parquet,2626006
option,options/NIFTY/2025-10-28.parquet,DOWNLOADED,/home/runner/.cache/huggingface/hub/datasets--thetrademarkk--india-index-options-1m/snapshots/0f4800e43e6f96cec0794369d78eb4d3c4211ef5/options/NIFTY/2025-10-28.parquet,2556627
option,options/NIFTY/2025-11-04.parquet,DOWNLOADED,/home/runner/.cache/huggingface/hub/datasets--thetrademarkk--india-index-options-1m/snapshots/0f4800e43e6f96cec0794369d78eb4d3c4211ef5/options/NIFTY/2025-11-04.parquet,2951165
option,options/NIFTY/2025-11-11.parquet,DOWNLOADED,/home/runner/.cache/huggingface/hub/datasets--thetrademarkk--india-index-options-1m/snapshots/0f4800e43e6f96cec0794369d78eb4d3c4211ef5/options/NIFTY/2025-11-11.parquet,2370822
option,options/NIFTY/2025-11-18.parquet,DOWNLOADED,/home/runner/.cache/huggingface/hub/datasets--thetrademarkk--india-index-options-1m/snapshots/0f4800e43e6f96cec0794369d78eb4d3c4211ef5/options/NIFTY/2025-11-18.parquet,2770837
option,options/NIFTY/2025-11-25.parquet,DOWNLOADED,/home/runner/.cache/huggingface/hub/datasets--thetrademarkk--india-index-options-1m/snapshots/0f4800e43e6f96cec0794369d78eb4d3c4211ef5/options/NIFTY/2025-11-25.parquet,3052423
option,options/NIFTY/2025-12-02.parquet,DOWNLOADED,/home/runner/.cache/huggingface/hub/datasets--thetrademarkk--india-index-options-1m/snapshots/0f4800e43e6f96cec0794369d78eb4d3c4211ef5/options/NIFTY/2025-12-02.parquet,2671513
option,options/NIFTY/2025-12-09.parquet,DOWNLOADED,/home/runner/.cache/huggingface/hub/datasets--thetrademarkk--india-index-options-1m/snapshots/0f4800e43e6f96cec0794369d78eb4d3c4211ef5/options/NIFTY/2025-12-09.parquet,2660945
option,options/NIFTY/2025-12-16.parquet,DOWNLOADED,/home/runner/.cache/huggingface/hub/datasets--thetrademarkk--india-index-options-1m/snapshots/0f4800e43e6f96cec0794369d78eb4d3c4211ef5/options/NIFTY/2025-12-16.parquet,2643068
option,options/NIFTY/2025-12-23.parquet,DOWNLOADED,/home/runner/.cache/huggingface/hub/datasets--thetrademarkk--india-index-options-1m/snapshots/0f4800e43e6f96cec0794369d78eb4d3c4211ef5/options/NIFTY/2025-12-23.parquet,2448050
option,options/NIFTY/2025-12-30.parquet,DOWNLOADED,/home/runner/.cache/huggingface/hub/datasets--thetrademarkk--india-index-options-1m/snapshots/0f4800e43e6f96cec0794369d78eb4d3c4211ef5/options/NIFTY/2025-12-30.parquet,2746622
option,options/NIFTY/2026-01-06.parquet,DOWNLOADED,/home/runner/.cache/huggingface/hub/datasets--thetrademarkk--india-index-options-1m/snapshots/0f4800e43e6f96cec0794369d78eb4d3c4211ef5/options/NIFTY/2026-01-06.parquet,2516561
option,options/NIFTY/2026-01-13.parquet,DOWNLOADED,/home/runner/.cache/huggingface/hub/datasets--thetrademarkk--india-index-options-1m/snapshots/0f4800e43e6f96cec0794369d78eb4d3c4211ef5/options/NIFTY/2026-01-13.parquet,2745876
option,options/NIFTY/2026-01-20.parquet,DOWNLOADED,/home/runner/.cache/huggingface/hub/datasets--thetrademarkk--india-index-options-1m/snapshots/0f4800e43e6f96cec0794369d78eb4d3c4211ef5/options/NIFTY/2026-01-20.parquet,2511052
option,options/NIFTY/2026-01-27.parquet,DOWNLOADED,/home/runner/.cache/huggingface/hub/datasets--thetrademarkk--india-index-options-1m/snapshots/0f4800e43e6f96cec0794369d78eb4d3c4211ef5/options/NIFTY/2026-01-27.parquet,3027081
option,options/NIFTY/2026-02-03.parquet,DOWNLOADED,/home/runner/.cache/huggingface/hub/datasets--thetrademarkk--india-index-options-1m/snapshots/0f4800e43e6f96cec0794369d78eb4d3c4211ef5/options/NIFTY/2026-02-03.parquet,3801732
option,options/NIFTY/2026-02-10.parquet,DOWNLOADED,/home/runner/.cache/huggingface/hub/datasets--thetrademarkk--india-index-options-1m/snapshots/0f4800e43e6f96cec0794369d78eb4d3c4211ef5/options/NIFTY/2026-02-10.parquet,3881019
option,options/NIFTY/2026-02-17.parquet,DOWNLOADED,/home/runner/.cache/huggingface/hub/datasets--thetrademarkk--india-index-options-1m/snapshots/0f4800e43e6f96cec0794369d78eb4d3c4211ef5/options/NIFTY/2026-02-17.parquet,2942870
option,options/NIFTY/2026-02-24.parquet,DOWNLOADED,/home/runner/.cache/huggingface/hub/datasets--thetrademarkk--india-index-options-1m/snapshots/0f4800e43e6f96cec0794369d78eb4d3c4211ef5/options/NIFTY/2026-02-24.parquet,3436213
option,options/NIFTY/2026-03-02.parquet,DOWNLOADED,/home/runner/.cache/huggingface/hub/datasets--thetrademarkk--india-index-options-1m/snapshots/0f4800e43e6f96cec0794369d78eb4d3c4211ef5/options/NIFTY/2026-03-02.parquet,3171303
option,options/NIFTY/2026-03-10.parquet,DOWNLOADED,/home/runner/.cache/huggingface/hub/datasets--thetrademarkk--india-index-options-1m/snapshots/0f4800e43e6f96cec0794369d78eb4d3c4211ef5/options/NIFTY/2026-03-10.parquet,3346222
option,options/NIFTY/2026-03-17.parquet,DOWNLOADED,/home/runner/.cache/huggingface/hub/datasets--thetrademarkk--india-index-options-1m/snapshots/0f4800e43e6f96cec0794369d78eb4d3c4211ef5/options/NIFTY/2026-03-17.parquet,4267040
option,options/NIFTY/2026-03-24.parquet,DOWNLOADED,/home/runner/.cache/huggingface/hub/datasets--thetrademarkk--india-index-options-1m/snapshots/0f4800e43e6f96cec0794369d78eb4d3c4211ef5/options/NIFTY/2026-03-24.parquet,4367783
option,options/NIFTY/2026-03-30.parquet,DOWNLOADED,/home/runner/.cache/huggingface/hub/datasets--thetrademarkk--india-index-options-1m/snapshots/0f4800e43e6f96cec0794369d78eb4d3c4211ef5/options/NIFTY/2026-03-30.parquet,5961493
option,options/NIFTY/2026-04-07.parquet,DOWNLOADED,/home/runner/.cache/huggingface/hub/datasets--thetrademarkk--india-index-options-1m/snapshots/0f4800e43e6f96cec0794369d78eb4d3c4211ef5/options/NIFTY/2026-04-07.parquet,3019321
option,options/NIFTY/2026-04-13.parquet,DOWNLOADED,/home/runner/.cache/huggingface/hub/datasets--thetrademarkk--india-index-options-1m/snapshots/0f4800e43e6f96cec0794369d78eb4d3c4211ef5/options/NIFTY/2026-04-13.parquet,3318573
option,options/NIFTY/2026-04-21.parquet,DOWNLOADED,/home/runner/.cache/huggingface/hub/datasets--thetrademarkk--india-index-options-1m/snapshots/0f4800e43e6f96cec0794369d78eb4d3c4211ef5/options/NIFTY/2026-04-21.parquet,3122295
option,options/NIFTY/2026-04-28.parquet,DOWNLOADED,/home/runner/.cache/huggingface/hub/datasets--thetrademarkk--india-index-options-1m/snapshots/0f4800e43e6f96cec0794369d78eb4d3c4211ef5/options/NIFTY/2026-04-28.parquet,4248978
option,options/NIFTY/2026-05-05.parquet,DOWNLOADED,/home/runner/.cache/huggingface/hub/datasets--thetrademarkk--india-index-options-1m/snapshots/0f4800e43e6f96cec0794369d78eb4d3c4211ef5/options/NIFTY/2026-05-05.parquet,2951489
option,options/NIFTY/2026-05-12.parquet,DOWNLOADED,/home/runner/.cache/huggingface/hub/datasets--thetrademarkk--india-index-options-1m/snapshots/0f4800e43e6f96cec0794369d78eb4d3c4211ef5/options/NIFTY/2026-05-12.parquet,3395524
option,options/NIFTY/2026-05-19.parquet,DOWNLOADED,/home/runner/.cache/huggingface/hub/datasets--thetrademarkk--india-index-options-1m/snapshots/0f4800e43e6f96cec0794369d78eb4d3c4211ef5/options/NIFTY/2026-05-19.parquet,3733846
option,options/NIFTY/2026-05-26.parquet,DOWNLOADED,/home/runner/.cache/huggingface/hub/datasets--thetrademarkk--india-index-options-1m/snapshots/0f4800e43e6f96cec0794369d78eb4d3c4211ef5/options/NIFTY/2026-05-26.parquet,4157167
option,options/NIFTY/2026-06-02.parquet,DOWNLOADED,/home/runner/.cache/huggingface/hub/datasets--thetrademarkk--india-index-options-1m/snapshots/0f4800e43e6f96cec0794369d78eb4d3c4211ef5/options/NIFTY/2026-06-02.parquet,1793050
option,options/NIFTY/2026-06-09.parquet,DOWNLOADED,/home/runner/.cache/huggingface/hub/datasets--thetrademarkk--india-index-options-1m/snapshots/0f4800e43e6f96cec0794369d78eb4d3c4211ef5/options/NIFTY/2026-06-09.parquet,32305
option,options/NIFTY/2026-06-16.parquet,MISSING_FROM_SOURCE,,
option,options/NIFTY/2026-06-23.parquet,MISSING_FROM_SOURCE,,
option,options/NIFTY/2026-06-30.parquet,MISSING_FROM_SOURCE,,
option,options/NIFTY/2026-07-07.parquet,DOWNLOADED,/home/runner/.cache/huggingface/hub/datasets--thetrademarkk--india-index-options-1m/snapshots/0f4800e43e6f96cec0794369d78eb4d3c4211ef5/options/NIFTY/2026-07-07.parquet,4044035
option,options/NIFTY/2026-07-14.parquet,DOWNLOADED,/home/runner/.cache/huggingface/hub/datasets--thetrademarkk--india-index-options-1m/snapshots/0f4800e43e6f96cec0794369d78eb4d3c4211ef5/options/NIFTY/2026-07-14.parquet,1939985
option,options/NIFTY/2026-07-21.parquet,DOWNLOADED,/home/runner/.cache/huggingface/hub/datasets--thetrademarkk--india-index-options-1m/snapshots/0f4800e43e6f96cec0794369d78eb4d3c4211ef5/options/NIFTY/2026-07-21.parquet,539819
option,options/NIFTY/2026-07-28.parquet,DOWNLOADED,/home/runner/.cache/huggingface/hub/datasets--thetrademarkk--india-index-options-1m/snapshots/0f4800e43e6f96cec0794369d78eb4d3c4211ef5/options/NIFTY/2026-07-28.parquet,3990663
option,options/NIFTY/2026-08-04.parquet,DOWNLOADED,/home/runner/.cache/huggingface/hub/datasets--thetrademarkk--india-index-options-1m/snapshots/0f4800e43e6f96cec0794369d78eb4d3c4211ef5/options/NIFTY/2026-08-04.parquet,58248
option,options/NIFTY/2026-08-11.parquet,MISSING_FROM_SOURCE,,
option,options/NIFTY/2026-08-18.parquet,MISSING_FROM_SOURCE,,
option,options/NIFTY/2026-08-25.parquet,MISSING_FROM_SOURCE,,
option,options/NIFTY/2026-09-01.parquet,MISSING_FROM_SOURCE,,
option,options/NIFTY/2026-09-08.parquet,MISSING_FROM_SOURCE,,
option,options/NIFTY/2026-09-15.parquet,MISSING_FROM_SOURCE,,
option,options/NIFTY/2026-09-22.parquet,MISSING_FROM_SOURCE,,
index,index/NIFTY.parquet,DOWNLOADED,/home/runner/.cache/huggingface/hub/datasets--thetrademarkk--india-index-options-1m/snapshots/0f4800e43e6f96cec0794369d78eb4d3c4211ef5/index/NIFTY.parquet,8383208
