entry_date,near_expiry,far_expiry,expiry_regime,spot_open,status,status_detail,gate_pass,strike,entry_near_pe,entry_near_ce,entry_far_ce,entry_far_pe,exit_near_pe,exit_near_ce,exit_far_ce,exit_far_pe,lot_near,lot_far,call_ratio,put_ratio,calendar_balance_ratio,pnl_points,pnl_inr,reason,fixed_status,event_status
2025-01-01,2025-01-02,2025-01-23,THURSDAY,23637.650390625,ERROR,GATE_PASS,True,23650.0,113.0,172.9,390.0,300.0,0.35,541.1,716.15,132.6,75.0,75.0,2.255639097744361,2.6548672566371683,0.849624060150376,12.69999999999996,952.5,KeyError:'timestamp',,
2025-01-03,2025-01-09,2025-01-30,THURSDAY,24196.400390625,ERROR,GATE_FAIL,False,24200.0,199.0,176.0,533.0,428.0,680.85,0.1,106.95,652.85,75.0,75.0,3.028409090909091,2.150753768844221,1.4080687128292269,6.850000000000023,513.75,KeyError:'timestamp',,
2025-01-10,2025-01-16,2025-02-06,THURSDAY,23551.900390625,ERROR,GATE_PASS,True,23550.0,174.95,210.0,497.0,366.7,245.15,0.1,321.65,421.45,75.0,75.0,2.3666666666666667,2.0960274364104032,1.129120079992728,50.0,3749.999999999998,KeyError:'timestamp',,
2025-01-17,2025-01-23,2025-02-13,THURSDAY,23277.099609375,ERROR,GATE_FAIL,False,23300.0,173.0,189.0,511.0,376.5,93.25,0.2,421.55,377.3,75.0,75.0,2.703703703703704,2.1763005780346822,1.242339284835965,18.80000000000001,1410.0,KeyError:'timestamp',,
2025-01-24,2025-01-30,2025-02-20,THURSDAY,23183.900390625,ERROR,GATE_FAIL,False,23200.0,196.0,191.0,563.15,355.0,2.6,30.5,520.0,329.25,75.0,75.0,2.948429319371728,1.8112244897959184,1.6278652016812918,-50.29999999999996,-3772.499999999998,KeyError:'timestamp',,
2025-01-31,2025-02-06,2025-02-27,THURSDAY,23296.75,ANALYZED,GATE_PASS,True,23300.0,272.0,365.0,570.3,381.45,0.1,293.35,547.8,156.05,75.0,75.0,1.562465753424657,1.402389705882353,1.1141451957832136,2.6499999999999773,198.75,,NO_TRIGGER,NO_TRIGGER
2025-02-07,2025-02-13,2025-03-06,THURSDAY,23649.5,ERROR,GATE_PASS,True,23650.0,156.75,201.95,339.2,295.0,617.25,0.1,111.3,316.7,75.0,75.0,1.6796236692250557,1.881977671451356,0.8924780005119576,412.75000000000006,30956.25,KeyError:'timestamp',,
2025-02-14,2025-02-20,2025-03-13,THURSDAY,23096.44921875,ERROR,GATE_FAIL,False,23100.0,170.0,190.0,430.05,265.5,187.4,0.15,261.85,330.0,75.0,75.0,2.2634210526315792,1.561764705882353,1.4492714837942315,-25.44999999999999,-1908.75,KeyError:'timestamp',,
2025-02-21,2025-02-27,2025-03-20,THURSDAY,22857.19921875,ERROR,GATE_PASS,True,22850.0,133.3,198.05,471.0,280.05,301.0,0.15,168.95,357.0,75.0,75.0,2.3781873264327187,2.100900225056264,1.1319848977449791,-13.400000000000034,-1004.9999999999992,KeyError:'timestamp',,
2025-02-28,2025-03-06,2025-03-27,THURSDAY,22433.400390625,ANALYZED,GATE_PASS,True,22450.0,110.0,184.2,425.0,275.55,0.25,94.5,373.8,204.6,75.0,75.0,2.3072747014115094,2.505,0.9210677450744548,-0.2999999999999829,-22.49999999999909,,NO_TRIGGER,NO_TRIGGER
2025-03-07,2025-03-13,2025-04-03,THURSDAY,22508.650390625,ERROR,GATE_FAIL,False,22500.0,148.0,164.0,399.45,257.95,104.65,0.15,254.95,263.15,75.0,75.0,2.435670731707317,1.7429054054054054,1.397477295183884,-29.19999999999999,-2189.999999999999,KeyError:'timestamp',,
2025-03-17,2025-03-20,2025-04-09,THURSDAY,22353.150390625,ERROR,GATE_FAIL,False,22400.0,131.0,165.5,450.0,252.15,0.1,793.85,918.0,47.1,75.0,75.0,2.719033232628399,1.924809160305344,1.4126248402709507,-86.19999999999999,-6465.0,KeyError:'timestamp',,
2025-03-21,2025-03-27,2025-04-17,THURSDAY,23168.25,ERROR,GATE_FAIL,False,23200.0,144.9,129.9,374.0,215.0,0.2,393.85,646.95,111.0,75.0,75.0,2.879137798306389,1.4837819185645271,1.940404962672539,-31.69999999999999,-2377.500000000004,KeyError:'timestamp',,
2025-03-28,2025-04-03,2025-04-24,THURSDAY,23600.400390625,ERROR,GATE_PASS,True,23600.0,118.0,209.6,410.3,248.95,349.2,0.1,148.0,425.0,75.0,75.0,1.9575381679389317,2.109745762711864,0.927855006293609,2.349999999999909,176.25,KeyError:'timestamp',,
2025-04-04,2025-04-09,2025-04-30,THURSDAY,23190.400390625,ERROR,GATE_FAIL,False,23200.0,160.0,149.95,390.0,260.0,801.45,0.1,166.65,843.6,75.0,75.0,2.600866955651884,1.625,1.6005335111703902,-15.649999999999975,-1173.75,KeyError:'timestamp',,
2025-04-11,2025-04-17,2025-05-08,THURSDAY,22695.400390625,ERROR,GATE_FAIL,False,22700.0,274.2,294.8,610.0,379.35,0.1,1150.55,1222.55,55.65,75.0,75.0,2.0691994572591588,1.3834792122538295,1.4956491134320844,-193.59999999999997,-14519.999999999996,KeyError:'timestamp',,
2025-04-21,2025-04-24,2025-05-15,THURSDAY,23949.150390625,ERROR,GATE_FAIL,False,23950.0,209.05,150.4,510.05,332.1,0.25,296.05,646.05,221.3,75.0,75.0,3.3912898936170213,1.5886151638364028,2.134746017044981,-107.65000000000008,-8073.750000000004,KeyError:'timestamp',,
2025-04-25,2025-04-30,2025-05-22,THURSDAY,24289.0,ERROR,GATE_FAIL,False,24300.0,190.0,196.0,482.8,362.2,0.4,60.9,460.75,353.5,75.0,75.0,2.463265306122449,1.906315789473684,1.2921601550614723,-67.85000000000002,-5088.750000000002,KeyError:'timestamp',,
2025-05-02,2025-05-08,2025-05-29,THURSDAY,24311.900390625,ANALYZED,GATE_FAIL,False,24300.0,234.0,284.65,601.0,380.05,10.65,7.25,403.8,428.35,75.0,75.0,2.111364834006675,1.6241452991452991,1.2999851892055303,-191.45,-14358.75,,NO_TRIGGER,NO_TRIGGER
2025-05-09,2025-05-15,2025-06-05,THURSDAY,23935.75,ERROR,GATE_FAIL,False,23900.0,330.0,322.5,675.55,358.35,0.15,1165.2,1278.0,75.1,75.0,75.0,2.094728682170542,1.085909090909091,1.9290092510570087,-286.85000000000014,-21513.75,KeyError:'timestamp',,
2025-05-16,2025-05-22,2025-06-12,THURSDAY,25064.650390625,ERROR,GATE_PASS,True,25000.0,176.0,230.0,482.0,341.85,395.2,0.25,228.7,520.05,75.0,75.0,2.095652173913044,1.9423295454545453,1.0789374948331012,17.450000000000045,1308.7500000000057,KeyError:'timestamp',,
2025-05-23,2025-05-29,2025-06-19,THURSDAY,24639.5,ERROR,GATE_PASS,True,24600.0,178.25,241.85,488.8,315.5,0.35,207.65,537.9,228.85,75.0,75.0,2.021087450899318,1.769985974754558,1.141866364890027,-7.950000000000074,-596.2500000000027,KeyError:'timestamp',,
2025-05-30,2025-06-05,2025-06-26,THURSDAY,24812.599609375,ANALYZED,GATE_PASS,True,24800.0,182.0,243.55,482.9,345.0,58.05,0.55,374.5,313.5,75.0,75.0,1.982755081092178,1.8956043956043955,1.0459751442283374,42.150000000000034,3161.250000000002,,NO_TRIGGER,NO_TRIGGER
2025-06-06,2025-06-12,2025-07-03,THURSDAY,24748.69921875,ERROR,GATE_FAIL,False,24750.0,143.0,140.0,450.0,353.65,0.2,146.2,448.15,226.05,75.0,75.0,3.2142857142857144,2.4730769230769227,1.2997111752943793,-23.250000000000057,-1743.7500000000036,KeyError:'timestamp',,
2025-06-13,2025-06-19,2025-07-10,THURSDAY,24473.0,ERROR,GATE_FAIL,False,24500.0,150.0,200.0,495.9,308.25,0.2,301.9,546.55,202.05,75.0,75.0,2.4795,2.055,1.2065693430656932,-94.85000000000002,-7113.750000000003,KeyError:'timestamp',,
2025-06-20,2025-06-26,2025-07-17,THURSDAY,24787.650390625,ERROR,GATE_FAIL,False,24800.0,188.0,178.0,418.0,304.05,0.25,750.4,861.1,80.45,75.0,75.0,2.348314606741573,1.6172872340425533,1.4520083738444851,-93.44999999999996,-7008.75,KeyError:'timestamp',,
2025-06-27,2025-07-03,2025-07-24,THURSDAY,25576.650390625,ERROR,GATE_FAIL,False,25600.0,193.0,144.0,354.15,317.55,192.05,0.25,228.05,337.3,75.0,75.0,2.459375,1.6453367875647669,1.494754763029444,-3.0499999999999545,-228.74999999999815,KeyError:'timestamp',,
2025-07-04,2025-07-10,2025-07-31,THURSDAY,25428.849609375,ERROR,GATE_PASS,True,25450.0,160.65,160.0,355.65,299.15,89.4,0.4,249.2,271.5,75.0,75.0,2.2228125,1.862122626828509,1.1936982387598196,9.549999999999956,716.2499999999991,KeyError:'timestamp',,
2025-07-11,2025-07-17,2025-08-07,THURSDAY,25255.5,ERROR,GATE_PASS,True,25250.0,103.0,174.15,380.15,260.3,137.9,0.25,222.95,268.6,75.0,75.0,2.1828883146712603,2.5271844660194174,0.8637629520212825,43.30000000000001,3247.499999999999,KeyError:'timestamp',,
2025-07-18,2025-07-24,2025-08-14,THURSDAY,25108.55078125,ERROR,GATE_PASS,True,25100.0,109.0,162.2,342.05,244.45,35.35,0.6,258.75,206.25,75.0,75.0,2.10881627620222,2.242660550458716,0.9403189777297688,42.849999999999966,3213.749999999998,KeyError:'timestamp',,
2025-07-25,2025-07-31,2025-08-21,THURSDAY,25010.349609375,ERROR,GATE_PASS,True,25000.0,97.0,148.2,298.2,236.4,212.15,0.25,181.35,327.85,75.0,75.0,2.0121457489878543,2.437113402061856,0.8256266398131211,54.80000000000007,4109.999999999999,KeyError:'timestamp',,
2025-08-01,2025-08-07,2025-08-28,THURSDAY,24734.900390625,ERROR,GATE_PASS,True,24750.0,150.0,162.65,340.0,272.05,167.95,0.2,205.95,280.9,75.0,75.0,2.090378112511528,1.8136666666666668,1.152570177822934,37.50000000000006,2812.5000000000027,KeyError:'timestamp',,
2025-08-08,2025-08-14,2025-09-02,THURSDAY,24544.25,ERROR,GATE_PASS,True,24550.0,110.0,175.2,295.75,265.5,0.35,88.15,337.45,169.55,75.0,75.0,1.688070776255708,2.413636363636364,0.6993890221775061,115.04999999999995,8628.749999999996,KeyError:'timestamp',,
2025-08-18,2025-08-21,2025-09-09,THURSDAY,24938.19921875,ERROR,GATE_FAIL,False,24950.0,138.2,102.6,340.35,218.3,0.15,137.1,365.0,127.65,75.0,75.0,3.3172514619883047,1.5795947901591898,2.100064828432357,-57.25,-4293.75,KeyError:'timestamp',,
2025-08-22,2025-08-28,2025-09-16,THURSDAY,25064.150390625,ERROR,GATE_PASS,True,25050.0,90.0,152.2,302.9,233.0,553.4,0.2,80.45,494.45,75.0,75.0,1.9901445466491456,2.588888888888889,0.7687253613666228,131.49999999999994,9862.5,KeyError:'timestamp',,
2025-08-29,2025-09-02,2025-09-23,TUESDAY,24466.69921875,ERROR,GATE_PASS,True,24450.0,81.55,165.0,404.65,202.5,0.25,128.4,372.45,150.6,75.0,75.0,2.452424242424242,2.483139178418148,0.9876306023194912,-24.99999999999997,-1874.9999999999995,KeyError:'timestamp',,
2025-09-03,2025-09-09,2025-09-30,TUESDAY,24616.5,ANALYZED,GATE_FAIL,False,24600.0,140.0,144.95,336.9,249.95,0.15,265.2,458.85,106.45,75.0,75.0,2.3242497412901,1.7853571428571429,1.3018402231670894,5.3500000000000085,401.2500000000037,,NO_TRIGGER,NO_TRIGGER
2025-09-10,2025-09-16,2025-10-07,TUESDAY,24991.0,ERROR,GATE_FAIL,False,25000.0,140.0,112.0,295.15,233.9,0.15,231.65,457.3,95.55,75.0,75.0,2.635267857142857,1.6707142857142858,1.5773300555793073,41.00000000000004,3075.000000000004,KeyError:'timestamp',,
2025-09-17,2025-09-23,2025-10-14,TUESDAY,25276.599609375,ERROR,GATE_FAIL,False,25300.0,112.8,133.0,335.9,214.7,126.05,0.15,246.35,215.55,75.0,75.0,2.525563909774436,1.9033687943262407,1.3268915185028245,55.69999999999999,4177.499999999999,KeyError:'timestamp',,
2025-10-01,2025-10-07,2025-10-28,TUESDAY,24620.55078125,ERROR,GATE_PASS,True,24600.0,87.2,178.65,396.0,229.5,0.1,511.45,683.5,49.55,75.0,75.0,2.216624685138539,2.631880733944954,0.8422207953990442,47.550000000000026,3566.250000000004,KeyError:'timestamp',,
2025-10-08,2025-10-14,2025-11-04,TUESDAY,25079.75,ERROR,GATE_PASS,True,25100.0,90.0,140.0,343.2,200.1,0.25,52.45,337.95,188.75,75.0,75.0,2.4514285714285715,2.223333333333333,1.1025915613621762,3.9000000000000057,292.49999999999955,KeyError:'timestamp',,
2025-10-23,2025-10-28,2025-11-18,TUESDAY,26057.19921875,ERROR,GATE_PASS,True,26050.0,86.0,140.0,394.05,233.65,123.2,0.55,290.95,269.65,75.0,75.0,2.814642857142857,2.7168604651162798,1.0359909510562195,37.54999999999996,2816.2500000000005,KeyError:'timestamp',,
2025-10-29,2025-11-04,2025-11-25,TUESDAY,25982.0,ERROR,GATE_FAIL,False,26000.0,150.0,188.0,400.0,265.0,399.05,0.2,155.55,438.7,75.0,75.0,2.127659574468085,1.7666666666666666,1.2043356081894825,18.700000000000102,1402.5,KeyError:'timestamp',,
2025-11-06,2025-11-11,2025-12-02,TUESDAY,25593.349609375,ERROR,GATE_FAIL,False,25600.0,123.05,111.3,436.4,284.15,0.2,91.25,424.9,163.1,75.0,75.0,3.920934411500449,2.309223892726534,1.697944674767307,6.749999999999972,506.2499999999982,KeyError:'timestamp',,
2025-11-12,2025-11-18,2025-12-09,TUESDAY,25834.30078125,ERROR,GATE_FAIL,False,25800.0,120.05,173.5,423.55,236.95,0.2,118.2,419.55,174.9,75.0,75.0,2.4412103746397693,1.9737609329446064,1.236831844167564,-6.500000000000028,-487.5000000000009,KeyError:'timestamp',,
2025-11-19,2025-11-25,2025-12-16,TUESDAY,25918.099609375,ERROR,GATE_PASS,True,25900.0,131.0,181.0,400.0,247.3,17.95,2.35,319.2,213.55,75.0,75.0,2.209944751381216,1.8877862595419848,1.1706541141566489,18.55000000000001,1391.249999999999,KeyError:'timestamp',,
2025-11-26,2025-12-02,2025-12-23,TUESDAY,25842.94921875,ERROR,GATE_FAIL,False,25850.0,98.0,213.0,515.0,175.0,0.15,174.1,466.45,124.7,75.0,75.0,2.4178403755868545,1.7857142857142858,1.3539906103286383,-57.2,-4290.000000000001,KeyError:'timestamp',,
2025-12-03,2025-12-09,2025-12-30,TUESDAY,26004.900390625,ANALYZED,GATE_PASS,True,26000.0,93.1,195.0,411.0,209.3,159.6,0.2,222.9,256.25,75.0,75.0,2.107692307692308,2.24812030075188,0.937535374324672,26.250000000000057,1968.750000000001,,NO_TRIGGER,NO_TRIGGER
2025-12-10,2025-12-16,2026-01-06,TUESDAY,25864.05078125,ANALYZED,GATE_FAIL,False,25900.0,142.7,134.05,338.45,223.85,27.95,1.05,278.8,184.3,75.0,65.0,2.5248041775456915,1.5686755430974073,1.6095133175598395,-1.8499999999999943,62.250000000002274,,NO_TRIGGER,NO_TRIGGER
2025-12-17,2025-12-23,2026-01-13,TUESDAY,25902.400390625,ERROR,GATE_FAIL,False,25900.0,121.0,133.0,327.6,223.9,0.15,279.9,482.15,80.75,75.0,65.0,2.463157894736842,1.850413223140496,1.331139371429915,29.94999999999996,-730.7500000000036,KeyError:'timestamp',,
2025-12-24,2025-12-30,2026-01-20,TUESDAY,26170.650390625,ERROR,GATE_FAIL,False,26150.0,85.45,140.45,358.2,168.0,213.1,0.15,182.0,246.3,75.0,65.0,2.5503737985048063,1.9660620245757752,1.2971990540609268,13.449999999999989,3553.749999999999,KeyError:'timestamp',,
2025-12-31,2026-01-06,2026-01-27,TUESDAY,25971.05078125,ERROR,GATE_PASS,True,25950.0,80.0,158.0,379.95,195.4,0.1,226.4,433.45,93.95,65.0,65.0,2.4047468354430377,2.4425,0.9845432284311312,6.649999999999992,432.25,KeyError:'timestamp',,
2026-01-07,2026-01-13,2026-02-03,TUESDAY,26143.099609375,ERROR,GATE_FAIL,False,26150.0,98.0,127.0,403.65,234.7,413.45,0.1,154.6,465.5,65.0,65.0,3.178346456692913,2.394897959183673,1.3271323082910331,-37.50000000000006,-2437.499999999998,KeyError:'timestamp',,
2026-01-14,2026-01-20,2026-02-10,TUESDAY,25648.55078125,ERROR,GATE_PASS,True,25650.0,106.95,171.2,417.0,224.0,383.9,0.25,189.95,362.8,65.0,65.0,2.435747663551402,2.0944366526414213,1.1629607706108145,82.0499999999999,5333.25,KeyError:'timestamp',,
2026-01-21,2026-01-27,2026-02-17,TUESDAY,25141.0,ERROR,GATE_PASS,True,25150.0,120.0,216.75,463.5,318.15,6.9,15.95,478.5,255.8,65.0,65.0,2.13840830449827,2.65125,0.8065660743039208,165.05,10728.249999999998,KeyError:'timestamp',,
2026-01-28,2026-02-03,2026-02-24,TUESDAY,25258.849609375,ERROR,GATE_PASS,True,25250.0,211.0,283.0,491.5,309.95,0.3,478.1,661.2,103.55,65.0,65.0,1.7367491166077738,1.468957345971564,1.1823005762356518,-29.69999999999997,-1930.4999999999984,KeyError:'timestamp',,
2026-02-04,2026-02-10,2026-03-02,TUESDAY,25675.05078125,ERROR,GATE_PASS,True,25700.0,180.0,199.2,361.55,285.0,0.15,244.65,443.05,127.2,65.0,65.0,1.8150100401606428,1.5833333333333333,1.1463221306277744,13.999999999999986,910.0,KeyError:'timestamp',,
2026-02-11,2026-02-17,2026-03-10,TUESDAY,25997.44921875,ERROR,GATE_FAIL,False,26000.0,139.0,125.3,338.15,241.0,272.1,0.1,178.4,361.95,65.0,65.0,2.6987230646448523,1.733812949640288,1.5565249211022176,-22.39999999999992,-1455.9999999999973,KeyError:'timestamp',,
2026-02-18,2026-02-24,2026-03-17,TUESDAY,25752.650390625,ERROR,GATE_FAIL,False,25750.0,148.0,160.0,369.85,250.0,327.6,0.15,217.0,451.95,65.0,65.0,2.3115625,1.6891891891891893,1.368445,-15.349999999999966,-997.7500000000018,KeyError:'timestamp',,
2026-02-25,2026-03-02,2026-03-24,TUESDAY,25512.599609375,ANALYZED,GATE_FAIL,False,25500.0,159.0,174.4,430.0,269.8,640.4,0.1,152.35,701.25,65.0,65.0,2.465596330275229,1.6968553459119498,1.4530386082793232,-53.40000000000009,-3471.0,,NO_TRIGGER,NO_TRIGGER
2026-03-04,2026-03-10,2026-03-30,TUESDAY,24388.80078125,ANALYZED,GATE_PASS,True,24400.0,200.0,299.85,453.25,374.0,148.1,0.3,412.7,418.65,65.0,65.0,1.511589127897282,1.87,0.808336432030632,162.45000000000005,10559.250000000002,,NO_TRIGGER,NO_TRIGGER
2026-03-11,2026-03-17,2026-04-07,TUESDAY,24231.849609375,ERROR,GATE_PASS,True,24250.0,241.0,298.0,602.9,436.9,664.3,0.1,172.45,920.0,65.0,65.0,2.0231543624161072,1.812863070539419,1.1159995453016294,-192.3500000000001,-12502.75,KeyError:'timestamp',,
2026-03-18,2026-03-24,2026-04-13,TUESDAY,23632.900390625,ERROR,GATE_FAIL,False,23650.0,248.0,241.0,532.35,365.0,740.7,0.15,273.5,1133.65,65.0,65.0,2.2089211618257263,1.471774193548387,1.5008560222815894,-293.95000000000005,-19106.750000000007,KeyError:'timestamp',,
2026-03-25,2026-03-30,2026-04-21,TUESDAY,23064.400390625,ERROR,GATE_FAIL,False,23000.0,277.95,331.3,745.4,516.4,681.6,0.2,396.65,965.75,65.0,65.0,2.2499245396921217,1.8578881093721893,1.2110118625240611,-63.34999999999991,-4117.75,KeyError:'timestamp',,
2026-04-01,2026-04-07,2026-04-28,TUESDAY,22899.0,ERROR,GATE_FAIL,False,22900.0,396.35,305.05,664.8,706.0,0.2,215.8,725.6,454.7,65.0,65.0,2.179314866415341,1.7812539422227829,1.2234723049627771,5.2000000000000455,338.0,AttributeError:'dict' object has no attribute 'ce',,
2026-04-08,2026-04-13,2026-05-05,TUESDAY,23855.150390625,ERROR,GATE_FAIL,False,23850.0,300.0,200.05,574.5,415.7,11.8,5.4,499.7,438.15,65.0,65.0,2.871782054486378,1.3856666666666666,2.0724912589509588,-190.8,-12402.0,KeyError:'timestamp',,
2026-04-15,2026-04-21,2026-05-12,TUESDAY,24163.80078125,ERROR,GATE_FAIL,False,24150.0,251.0,275.75,572.2,373.45,0.1,426.2,628.75,232.3,65.0,65.0,2.075067996373527,1.4878486055776892,1.3946768431912044,-203.6500000000001,-13237.250000000004,KeyError:'timestamp',,
2026-04-22,2026-04-28,2026-05-19,TUESDAY,24470.849609375,ERROR,GATE_PASS,True,24450.0,235.0,260.0,536.75,430.9,454.85,0.1,217.6,601.0,65.0,65.0,2.064423076923077,1.833617021276596,1.1258747344556117,-9.5,-617.5000000000018,KeyError:'timestamp',,
2026-04-29,2026-05-05,2026-05-26,TUESDAY,24096.900390625,ANALYZED,GATE_FAIL,False,24100.0,241.0,200.0,479.95,434.55,79.3,0.2,400.05,381.3,65.0,65.0,2.39975,1.8031120331950208,1.3308934529973535,11.450000000000044,744.2500000000018,,NO_TRIGGER,NO_TRIGGER
2026-05-06,2026-05-12,2026-06-02,TUESDAY,24171.0,ERROR,GATE_PASS,True,24150.0,144.0,230.0,472.0,346.0,769.25,0.25,148.3,811.05,65.0,65.0,2.0521739130434784,2.4027777777777777,0.8540839406886154,66.25,4306.250000000004,KeyError:'timestamp',,
2026-05-13,2026-05-19,2026-06-09,TUESDAY,23362.44921875,ERROR,GATE_PASS,True,23400.0,220.0,272.0,531.45,376.4,0.15,226.9,548.6,289.45,65.0,65.0,1.9538602941176475,1.7109090909090907,1.142001234606489,-70.65000000000003,-4592.250000000003,KeyError:'timestamp',,
2026-05-20,2026-05-26,2026-06-16,TUESDAY,23457.25,SOURCE_GAP,GATE_FAIL,False,23450.0,232.1,206.35,500.0,412.25,0.1,462.2,792.05,137.1,65.0,65.0,2.4230676035861403,1.7761740629039209,1.3642061632318816,79.34999999999994,5157.749999999996,,,
2026-05-27,2026-06-02,2026-06-23,TUESDAY,23880.349609375,SOURCE_GAP,GATE_PASS,True,23900.0,178.0,205.0,439.75,345.0,423.2,0.1,190.05,464.2,65.0,65.0,2.145121951219512,1.9382022471910112,1.106758571933545,81.19999999999999,5278.000000000001,,,
2026-06-03,2026-06-09,2026-06-30,TUESDAY,23415.94921875,SOURCE_GAP,GATE_PASS,True,23400.0,103.2,237.0,451.0,356.4,151.3,0.15,299.5,358.85,65.0,65.0,1.9029535864978904,3.4534883720930227,0.5510235974370996,131.0,8514.999999999996,,,
2026-06-10,2026-06-16,2026-07-07,TUESDAY,23233.94921875,SOURCE_GAP,GATE_PASS,True,23250.0,170.7,209.0,455.65,333.7,0.1,737.5,828.95,62.5,65.0,65.0,2.180143540669856,1.954891622729936,1.115224759941098,-54.599999999999966,-3548.9999999999964,,,
2026-06-17,2026-06-23,2026-07-14,TUESDAY,24044.5,SOURCE_GAP,GATE_FAIL,False,24050.0,189.0,149.5,339.5,328.0,201.5,0.25,226.8,344.3,65.0,65.0,2.270903010033445,1.7354497354497354,1.3085386246839057,32.75,2128.75,,,
2026-06-24,2026-06-30,2026-07-21,TUESDAY,23795.80078125,SOURCE_GAP,GATE_FAIL,False,23800.0,155.0,182.0,423.0,283.9,1.9,56.35,414.0,211.8,65.0,65.0,2.3241758241758244,1.8316129032258064,1.2689230459572132,35.64999999999998,2317.249999999998,,,
2026-07-01,2026-07-07,2026-07-28,TUESDAY,23897.650390625,ANALYZED,GATE_PASS,True,23900.0,128.9,193.0,422.15,272.25,0.1,508.7,611.5,79.25,65.0,65.0,2.187305699481865,2.112102404965089,1.035605894079752,-62.14999999999998,-4039.75,,NO_EXIT,NO_EXIT
2026-07-08,2026-07-14,2026-08-04,TUESDAY,24259.55078125,ERROR,GATE_FAIL,False,24250.0,129.9,110.55,318.0,264.8,192.8,0.15,201.25,428.0,65.0,65.0,2.876526458616011,2.038491147036181,1.4111056909902564,-106.65000000000003,-6932.25,KeyError:'timestamp',,
2026-07-15,2026-07-21,2026-08-11,TUESDAY,24085.849609375,SOURCE_GAP,GATE_FAIL,False,24100.0,205.0,150.0,364.8,315.0,0.3,89.25,348.55,231.25,65.0,65.0,2.432,1.5365853658536586,1.5827301587301588,-76.44999999999999,-4969.25,,,
2026-07-22,2026-07-28,2026-08-18,TUESDAY,24150.44921875,SOURCE_GAP,GATE_PASS,True,24150.0,166.0,148.0,316.9,335.85,180.0,0.15,230.55,292.65,65.0,65.0,2.141216216216216,2.0231927710843376,1.0583352445791032,118.70000000000005,7715.500000000005,,,
2026-07-29,2026-08-04,2026-08-25,TUESDAY,24176.650390625,SOURCE_GAP,GATE_FAIL,False,24200.0,165.8,119.9,309.0,319.8,0.85,323.05,481.05,125.95,65.0,65.0,2.5771476230191825,1.9288299155609168,1.3361196869811771,-2.200000000000003,-142.99999999999818,,,
2026-08-05,2026-08-11,2026-09-01,TUESDAY,24669.19921875,SOURCE_GAP,GATE_PASS,True,24650.0,149.0,111.5,316.0,360.45,184.35,0.55,216.8,287.65,65.0,65.0,2.834080717488789,2.419127516778524,1.171530106549673,119.90000000000003,7793.500000000002,,,
2026-08-12,2026-08-18,2026-09-08,TUESDAY,24472.44921875,SOURCE_GAP,GATE_PASS,True,24450.0,109.0,198.0,347.25,232.15,261.45,0.25,155.3,326.55,65.0,65.0,1.753787878787879,2.129816513761468,0.8234455256854568,63.849999999999966,4150.25,,,
2026-08-19,2026-08-25,2026-09-15,TUESDAY,24152.05078125,SOURCE_GAP,GATE_PASS,True,24150.0,108.35,162.8,296.5,218.9,1.1,141.85,382.9,99.65,65.0,65.0,1.8212530712530712,2.020304568527919,0.9014745101428518,119.35000000000002,7757.749999999999,,,
2026-08-26,2026-09-01,2026-09-22,TUESDAY,24341.94921875,SOURCE_GAP,GATE_PASS,True,24350.0,87.9,145.35,321.8,229.05,314.6,0.75,110.4,380.0,65.0,65.0,2.213966288269694,2.60580204778157,0.8496294989692473,8.950000000000045,581.75,,,
