entry_date,near_expiry,far_expiry,primary_reason,primary_strike,secondary_strike,secondary_spot_open,secondary_pnl_inr
2022-01-07,2022-01-13,2022-02-03,MISSING_ENTRY_LEG,17800.0,17800.0,17797.599609375,-4977.5
2022-01-14,2022-01-20,2022-02-10,MISSING_ENTRY_LEG+MISSING_EXIT_LEG,16000.0,18200.0,18185.0,-10764.999999999998
2022-01-21,2022-01-27,2022-02-17,NO_COMMON_STRIKE,,17650.0,17613.69921875,46660.0
2022-02-04,2022-02-10,2022-03-03,MISSING_ENTRY_LEG+MISSING_EXIT_LEG,17850.0,17600.0,17590.19921875,-284.9999999999991
2022-02-11,2022-02-17,2022-03-10,MISSING_ENTRY_LEG+MISSING_EXIT_LEG,18000.0,17450.0,17451.0,17542.5
2022-02-18,2022-02-24,2022-03-17,MISSING_ENTRY_LEG+MISSING_EXIT_LEG,17300.0,17250.0,17236.05078125,62080.0
2022-02-25,2022-03-03,2022-03-24,MISSING_ENTRY_LEG,16500.0,16550.0,16515.650390625,-10279.999999999998
2022-03-11,2022-03-17,2022-04-07,MISSING_ENTRY_LEG+MISSING_EXIT_LEG,16300.0,16550.0,16528.80078125,-13115.0
2022-03-21,2022-03-24,2022-04-13,MISSING_ENTRY_LEG,17300.0,17350.0,17329.5,3005.0
2022-03-25,2022-03-31,2022-04-21,MISSING_ENTRY_LEG+MISSING_EXIT_LEG,18500.0,17300.0,17289.0,2557.500000000002
2022-04-08,2022-04-13,2022-05-05,MISSING_ENTRY_LEG,18000.0,17700.0,17698.150390625,257.4999999999977
2022-04-18,2022-04-21,2022-05-12,MISSING_ENTRY_LEG,17200.0,17200.0,17183.44921875,-2327.500000000001
2022-04-22,2022-04-28,2022-05-19,MISSING_ENTRY_LEG,17200.0,17250.0,17242.75,-15765.0
2022-05-06,2022-05-12,2022-06-02,MISSING_ENTRY_LEG,16200.0,16450.0,16415.55078125,13992.5
2022-05-13,2022-05-19,2022-06-09,MISSING_ENTRY_LEG+MISSING_EXIT_LEG,17000.0,16000.0,15977.0,-1474.9999999999982
2022-05-20,2022-05-26,2022-06-16,MISSING_ENTRY_LEG,16300.0,16050.0,16043.7998046875,-1160.0
2022-05-27,2022-06-02,2022-06-23,MISSING_ENTRY_LEG,16500.0,16300.0,16296.599609375,-665.0
2022-06-10,2022-06-16,2022-07-07,MISSING_ENTRY_LEG,16400.0,16300.0,16283.9501953125,2897.5
2022-06-17,2022-06-23,2022-07-14,MISSING_ENTRY_LEG,15600.0,15300.0,15272.650390625,-4047.500000000002
2022-06-24,2022-06-30,2022-07-21,NO_COMMON_STRIKE,,15650.0,15657.400390625,-31597.5
2022-07-08,2022-07-14,2022-08-04,NO_COMMON_STRIKE,,16300.0,16273.650390625,-15757.5
2022-07-15,2022-07-21,2022-08-11,MISSING_ENTRY_LEG+MISSING_EXIT_LEG,15800.0,16000.0,16010.7998046875,-2887.499999999998
2022-07-22,2022-07-28,2022-08-18,MISSING_ENTRY_LEG,16600.0,16650.0,16661.25,-15557.500000000004
2022-07-29,2022-08-04,2022-08-25,MISSING_ENTRY_LEG,17050.0,17050.0,17079.5,-2447.5000000000045
2022-08-05,2022-08-11,2022-09-01,MISSING_ENTRY_LEG,17400.0,17400.0,17423.650390625,-1714.999999999999
2022-08-12,2022-08-18,2022-09-08,MISSING_ENTRY_LEG,18000.0,17650.0,17659.650390625,-87.49999999999818
2022-08-19,2022-08-25,2022-09-15,MISSING_ENTRY_LEG+MISSING_EXIT_LEG,18500.0,18000.0,17966.55078125,490.0000000000018
2022-08-26,2022-09-01,2022-09-22,MISSING_ENTRY_LEG,17000.0,17650.0,17619.30078125,-860.0
2022-09-09,2022-09-15,2022-10-06,MISSING_ENTRY_LEG+MISSING_EXIT_LEG,18500.0,17900.0,17923.349609375,1.4779288903810084e-12
2022-09-16,2022-09-22,2022-10-13,NO_COMMON_STRIKE,,17800.0,17796.80078125,2265.0000000000023
2022-09-23,2022-09-29,2022-10-20,MISSING_ENTRY_LEG+MISSING_EXIT_LEG,18000.0,17600.0,17593.849609375,4620.0
2022-10-07,2022-10-13,2022-11-03,MISSING_ENTRY_LEG,17400.0,17300.0,17287.19921875,-402.5
2022-10-14,2022-10-20,2022-11-10,MISSING_ENTRY_LEG,17500.0,17300.0,17322.30078125,1320.0
2022-10-21,2022-10-27,2022-11-17,MISSING_ENTRY_LEG,17600.0,17600.0,17622.849609375,1960.000000000001
2022-11-04,2022-11-10,2023-01-05,NO_COMMON_STRIKE,,18050.0,18053.400390625,12975.0
2022-11-11,2022-11-17,2023-01-12,NO_COMMON_STRIKE,,18300.0,18272.349609375,-8377.5
2022-11-18,2022-11-24,2023-01-19,NO_COMMON_STRIKE,,18400.0,18382.94921875,4507.5
2023-01-06,2023-01-12,2023-02-02,MISSING_ENTRY_LEG,18000.0,18000.0,18008.05078125,1442.5
2023-01-13,2023-01-19,2023-02-09,MISSING_ENTRY_LEG,17900.0,17850.0,17867.5,-35.0
2023-02-03,2023-02-09,2023-03-02,MISSING_ENTRY_LEG,17800.0,17700.0,17721.75,1525.0
2023-02-10,2023-02-16,2023-03-09,MISSING_ENTRY_LEG+MISSING_EXIT_LEG,17000.0,17850.0,17847.55078125,4449.999999999999
2023-02-17,2023-02-23,2023-03-16,MISSING_ENTRY_LEG,18000.0,18000.0,17974.849609375,2827.4999999999964
2023-02-24,2023-03-02,2023-03-23,MISSING_ENTRY_LEG,17400.0,17600.0,17591.349609375,-199.9999999999991
2023-03-24,2023-03-29,2023-04-20,MISSING_ENTRY_LEG,17200.0,17100.0,17076.19921875,772.4999999999995
2023-04-10,2023-04-13,2023-05-04,MISSING_ENTRY_LEG,17600.0,17650.0,17634.900390625,-3520.000000000001
2023-04-17,2023-04-20,2023-05-11,MISSING_ENTRY_LEG,17700.0,17750.0,17863.0,3612.499999999999
2023-04-21,2023-04-27,2023-05-18,NO_COMMON_STRIKE,,17650.0,17639.75,11200.0
2023-05-12,2023-05-18,2023-06-08,MISSING_ENTRY_LEG+MISSING_EXIT_LEG,19000.0,18250.0,18273.75,4810.000000000001
2023-05-19,2023-05-25,2023-06-15,NO_COMMON_STRIKE,,18200.0,18186.150390625,2110.000000000001
2023-06-09,2023-06-15,2023-07-06,MISSING_ENTRY_LEG,18650.0,18650.0,18655.900390625,980.0000000000008
2023-06-16,2023-06-22,2023-07-13,MISSING_ENTRY_LEG,18700.0,18700.0,18723.30078125,199.99999999999957
2023-08-11,2023-08-17,2023-09-07,MISSING_ENTRY_LEG,19550.0,19550.0,19554.25,2560.000000000001
2023-08-25,2023-08-31,2023-09-21,MISSING_ENTRY_LEG+MISSING_EXIT_LEG,19300.0,19300.0,19297.400390625,5127.5
2023-09-08,2023-09-14,2023-10-05,MISSING_ENTRY_LEG,19800.0,19750.0,19774.80078125,12905.0
2023-09-15,2023-09-21,2023-10-12,MISSING_ENTRY_LEG+MISSING_EXIT_LEG,20150.0,20150.0,20156.44921875,-1.8189894035458565e-12
2023-09-22,2023-09-28,2023-10-19,MISSING_ENTRY_LEG+MISSING_EXIT_LEG,19750.0,19750.0,19744.849609375,-522.5000000000009
2023-10-06,2023-10-12,2023-11-02,MISSING_ENTRY_LEG,19600.0,19600.0,19621.19921875,-99.99999999999908
2023-10-13,2023-10-19,2023-11-09,MISSING_ENTRY_LEG,19700.0,19650.0,19654.55078125,247.4999999999993
2023-10-20,2023-10-26,2023-11-16,MISSING_ENTRY_LEG,19550.0,19550.0,19542.150390625,1432.5
2023-10-27,2023-11-02,2023-11-23,MISSING_ENTRY_LEG,18950.0,18950.0,18928.75,-970.0000000000028
2023-12-08,2023-12-14,2024-01-04,MISSING_ENTRY_LEG,20950.0,20950.0,20934.099609375,5222.499999999999
2024-01-29,2024-02-01,2024-02-22,MISSING_EXIT_LEG,21450.0,21450.0,21433.099609375,485.0000000000018
2024-02-09,2024-02-15,2024-03-07,MISSING_ENTRY_LEG,21750.0,21750.0,21727.0,-12220.0
2024-02-16,2024-02-22,2024-03-14,MISSING_ENTRY_LEG,22000.0,22000.0,22020.30078125,1084.9999999999982
2024-02-23,2024-02-29,2024-03-21,MISSING_ENTRY_LEG,22300.0,22300.0,22290.0,2677.4999999999995
2024-03-15,2024-03-21,2024-04-10,MISSING_ENTRY_LEG,22100.0,22050.0,22064.849609375,16192.5
2024-03-22,2024-03-28,2024-04-18,MISSING_ENTRY_LEG,21950.0,21950.0,21932.19921875,4497.5
2024-04-19,2024-04-25,2024-05-16,MISSING_ENTRY_LEG,21850.0,21850.0,21861.5,-27052.5
2024-05-17,2024-05-23,2024-06-13,MISSING_ENTRY_LEG,22400.0,22400.0,22415.25,-10990.0
2024-05-24,2024-05-30,2024-06-20,MISSING_ENTRY_LEG,22900.0,22950.0,22930.75,11367.5
2024-06-14,2024-06-20,2024-07-11,MISSING_ENTRY_LEG,23450.0,23450.0,23464.94921875,-161.24999999999957
2024-06-21,2024-06-27,2024-07-18,MISSING_ENTRY_LEG,23650.0,23650.0,23661.150390625,736.2499999999991
2024-07-12,2024-07-18,2024-08-08,MISSING_ENTRY_LEG,24400.0,24400.0,24387.94921875,516.2499999999991
2024-07-19,2024-07-25,2024-08-14,MISSING_ENTRY_LEG,24900.0,24850.0,24853.80078125,-6553.75
2024-08-16,2024-08-22,2024-09-12,MISSING_EXIT_LEG,24350.0,24350.0,24334.849609375,-838.7499999999991
