entry_date,near_expiry,far_expiry,strike
2022-01-07,2022-01-13,2022-02-03,17800.0
2022-01-28,2022-02-03,2022-02-24,17200.0
2022-02-25,2022-03-03,2022-03-24,16500.0
2022-03-04,2022-03-10,2022-03-31,16350.0
2022-03-21,2022-03-24,2022-04-13,17300.0
2022-04-01,2022-04-07,2022-04-28,17450.0
2022-04-18,2022-04-21,2022-05-12,17200.0
2022-04-29,2022-05-05,2022-05-26,17350.0
2022-06-03,2022-06-09,2022-06-30,16750.0
2022-07-01,2022-07-07,2022-07-28,15700.0
2022-08-05,2022-08-11,2022-09-01,17400.0
2022-09-02,2022-09-08,2022-09-29,17600.0
2022-09-30,2022-10-06,2022-10-27,16800.0
2022-10-21,2022-10-27,2022-11-17,17600.0
2022-10-28,2022-11-03,2022-11-24,17750.0
2023-01-02,2023-01-05,2023-01-25,18150.0
2023-01-06,2023-01-12,2023-02-02,18000.0
2023-01-20,2023-01-25,2023-02-16,18100.0
2023-01-27,2023-02-02,2023-02-23,17900.0
2023-03-03,2023-03-09,2023-03-29,17450.0
2023-03-10,2023-03-16,2023-04-06,17450.0
2023-03-17,2023-03-23,2023-04-13,17100.0
2023-03-31,2023-04-06,2023-04-27,17200.0
2023-04-28,2023-05-04,2023-05-25,17950.0
2023-05-05,2023-05-11,2023-06-01,18100.0
2023-05-26,2023-06-01,2023-06-22,18350.0
2023-06-09,2023-06-15,2023-07-06,18650.0
2023-06-16,2023-06-22,2023-07-13,18700.0
2023-06-30,2023-07-06,2023-07-27,19100.0
2023-07-07,2023-07-13,2023-08-03,19400.0
2023-07-14,2023-07-20,2023-08-10,19500.0
2023-07-21,2023-07-27,2023-08-17,19800.0
2023-07-28,2023-08-03,2023-08-24,19650.0
2023-08-04,2023-08-10,2023-08-31,19450.0
2023-08-11,2023-08-17,2023-09-07,19550.0
2023-08-18,2023-08-24,2023-09-14,19300.0
2023-08-25,2023-08-31,2023-09-21,19300.0
2023-09-01,2023-09-07,2023-09-28,19250.0
2023-09-15,2023-09-21,2023-10-12,20150.0
2023-09-22,2023-09-28,2023-10-19,19750.0
2023-09-29,2023-10-05,2023-10-26,19600.0
2023-10-06,2023-10-12,2023-11-02,19600.0
2023-10-20,2023-10-26,2023-11-16,19550.0
2023-10-27,2023-11-02,2023-11-23,18950.0
2023-11-03,2023-11-09,2023-11-30,19250.0
2023-11-10,2023-11-16,2023-12-07,19350.0
2023-11-17,2023-11-23,2023-12-14,19650.0
2023-11-24,2023-11-30,2023-12-21,19800.0
2023-12-01,2023-12-07,2023-12-28,20200.0
2023-12-08,2023-12-14,2024-01-04,20950.0
2023-12-15,2023-12-21,2024-01-11,21300.0
2023-12-22,2023-12-28,2024-01-18,21300.0
2023-12-29,2024-01-04,2024-01-25,21750.0
2024-01-05,2024-01-11,2024-02-01,21700.0
2024-01-12,2024-01-18,2024-02-08,21750.0
2024-01-19,2024-01-25,2024-02-15,21600.0
2024-01-29,2024-02-01,2024-02-22,21450.0
2024-02-02,2024-02-08,2024-02-29,21800.0
2024-02-16,2024-02-22,2024-03-14,22000.0
2024-02-23,2024-02-29,2024-03-21,22300.0
2024-03-01,2024-03-07,2024-03-28,22050.0
2024-03-11,2024-03-14,2024-04-04,22500.0
2024-03-15,2024-03-21,2024-04-10,22100.0
2024-03-22,2024-03-28,2024-04-18,21950.0
2024-04-01,2024-04-04,2024-04-25,22450.0
2024-04-05,2024-04-10,2024-05-02,22500.0
2024-04-12,2024-04-18,2024-05-09,22700.0
2024-04-26,2024-05-02,2024-05-23,22600.0
2024-05-03,2024-05-09,2024-05-30,22750.0
2024-05-10,2024-05-16,2024-06-06,22000.0
2024-05-24,2024-05-30,2024-06-20,22900.0
2024-05-31,2024-06-06,2024-06-27,22550.0
2024-06-07,2024-06-13,2024-07-04,22800.0
2024-06-14,2024-06-20,2024-07-11,23450.0
2024-06-21,2024-06-27,2024-07-18,23650.0
2024-06-28,2024-07-04,2024-07-25,24100.0
2024-07-05,2024-07-11,2024-08-01,24200.0
2024-07-12,2024-07-18,2024-08-08,24400.0
2024-07-26,2024-08-01,2024-08-22,24400.0
2024-08-02,2024-08-08,2024-08-29,24800.0
2024-08-09,2024-08-14,2024-09-05,24400.0
2024-08-16,2024-08-22,2024-09-12,24350.0
2024-08-23,2024-08-29,2024-09-19,24850.0
2024-08-30,2024-09-05,2024-09-26,25250.0
2025-01-01,2025-01-02,2025-01-23,23650.0
2025-01-03,2025-01-09,2025-01-30,24200.0
2025-01-10,2025-01-16,2025-02-06,23550.0
2025-01-17,2025-01-23,2025-02-13,23300.0
2025-01-24,2025-01-30,2025-02-20,23200.0
2025-01-31,2025-02-06,2025-02-27,23300.0
2025-02-07,2025-02-13,2025-03-06,23650.0
2025-02-14,2025-02-20,2025-03-13,23100.0
2025-02-21,2025-02-27,2025-03-20,22850.0
2025-02-28,2025-03-06,2025-03-27,22450.0
2025-03-07,2025-03-13,2025-04-03,22500.0
2025-03-17,2025-03-20,2025-04-09,22400.0
2025-03-21,2025-03-27,2025-04-17,23200.0
2025-03-28,2025-04-03,2025-04-24,23600.0
2025-04-04,2025-04-09,2025-04-30,23200.0
2025-04-11,2025-04-17,2025-05-08,22700.0
2025-04-21,2025-04-24,2025-05-15,23950.0
2025-04-25,2025-04-30,2025-05-22,24300.0
2025-05-02,2025-05-08,2025-05-29,24300.0
2025-05-09,2025-05-15,2025-06-05,23900.0
2025-05-16,2025-05-22,2025-06-12,25000.0
2025-05-23,2025-05-29,2025-06-19,24600.0
2025-05-30,2025-06-05,2025-06-26,24800.0
2025-06-06,2025-06-12,2025-07-03,24750.0
2025-06-13,2025-06-19,2025-07-10,24500.0
2025-06-20,2025-06-26,2025-07-17,24800.0
2025-06-27,2025-07-03,2025-07-24,25600.0
2025-07-04,2025-07-10,2025-07-31,25450.0
2025-07-11,2025-07-17,2025-08-07,25250.0
2025-07-18,2025-07-24,2025-08-14,25100.0
2025-07-25,2025-07-31,2025-08-21,25000.0
2025-08-01,2025-08-07,2025-08-28,24750.0
2025-08-08,2025-08-14,2025-09-02,24550.0
2025-08-18,2025-08-21,2025-09-09,24950.0
2025-08-22,2025-08-28,2025-09-16,25050.0
2025-08-29,2025-09-02,2025-09-23,24450.0
2025-09-03,2025-09-09,2025-09-30,24600.0
2025-09-10,2025-09-16,2025-10-07,25000.0
2025-09-17,2025-09-23,2025-10-14,25300.0
2025-10-01,2025-10-07,2025-10-28,24600.0
2025-10-08,2025-10-14,2025-11-04,25100.0
2025-10-23,2025-10-28,2025-11-18,26050.0
2025-10-29,2025-11-04,2025-11-25,26000.0
2025-11-06,2025-11-11,2025-12-02,25600.0
2025-11-12,2025-11-18,2025-12-09,25800.0
2025-11-19,2025-11-25,2025-12-16,25900.0
2025-11-26,2025-12-02,2025-12-23,25850.0
2025-12-03,2025-12-09,2025-12-30,26000.0
2025-12-10,2025-12-16,2026-01-06,25900.0
2025-12-17,2025-12-23,2026-01-13,25900.0
2025-12-24,2025-12-30,2026-01-20,26150.0
2025-12-31,2026-01-06,2026-01-27,25950.0
2026-01-07,2026-01-13,2026-02-03,26150.0
2026-01-14,2026-01-20,2026-02-10,25650.0
2026-01-21,2026-01-27,2026-02-17,25150.0
2026-01-28,2026-02-03,2026-02-24,25250.0
2026-02-04,2026-02-10,2026-03-02,25700.0
2026-02-11,2026-02-17,2026-03-10,26000.0
2026-02-18,2026-02-24,2026-03-17,25750.0
2026-02-25,2026-03-02,2026-03-24,25500.0
2026-03-04,2026-03-10,2026-03-30,24400.0
2026-03-11,2026-03-17,2026-04-07,24250.0
2026-03-18,2026-03-24,2026-04-13,23650.0
2026-03-25,2026-03-30,2026-04-21,23000.0
2026-04-01,2026-04-07,2026-04-28,22900.0
2026-04-08,2026-04-13,2026-05-05,23850.0
2026-04-15,2026-04-21,2026-05-12,24150.0
2026-04-22,2026-04-28,2026-05-19,24450.0
2026-04-29,2026-05-05,2026-05-26,24100.0
2026-05-06,2026-05-12,2026-06-02,24150.0
2026-05-13,2026-05-19,2026-06-09,23400.0
2026-05-20,2026-05-26,2026-06-16,23450.0
2026-05-27,2026-06-02,2026-06-23,23900.0
2026-06-03,2026-06-09,2026-06-30,23400.0
2026-06-10,2026-06-16,2026-07-07,23250.0
2026-06-17,2026-06-23,2026-07-14,24050.0
2026-06-24,2026-06-30,2026-07-21,23800.0
2026-07-01,2026-07-07,2026-07-28,23900.0
2026-07-08,2026-07-14,2026-08-04,24250.0
2026-07-15,2026-07-21,2026-08-11,24100.0
2026-07-22,2026-07-28,2026-08-18,24150.0
2026-07-29,2026-08-04,2026-08-25,24200.0
2026-08-05,2026-08-11,2026-09-01,24650.0
2026-08-12,2026-08-18,2026-09-08,24450.0
2026-08-19,2026-08-25,2026-09-15,24150.0
2026-08-26,2026-09-01,2026-09-22,24350.0
